station_id,name,category,distance,rating,review_count,price,latitude,longitude,free_bikes
204,Recanto da Consolação,restaurants,22,4.0,5,1,-23.556727,-46.664197,0
204,Orange Point,restaurants,24,4.1,8,1,-23.556727,-46.664197,0
204,h3 New Hamburgology,restaurants,24,4.3,3,1,-23.556727,-46.664197,0
204,Ema,restaurants,265,4.6,12,4,-23.556727,-46.664197,0
204,Admiral's Place,restaurants,195,4.4,9,3,-23.556727,-46.664197,0
204,Apfel,restaurants,163,4.3,10,2,-23.556727,-46.664197,0
204,Coffe Corner,restaurants,36,4.0,1,1,-23.556727,-46.664197,0
204,Bovinu'S Fast Grill,restaurants,186,3.8,12,2,-23.556727,-46.664197,0
204,Sal Gastronomia,restaurants,189,4.2,17,4,-23.556727,-46.664197,0
204,O'Malley's,restaurants,253,3.5,50,2,-23.556727,-46.664197,0
204,Barões do Café,coffee,139,4.3,3,1,-23.556727,-46.664197,0
7,Casa Prema,restaurants,165,4.8,6,1,-23.5725441757412,-46.6936810045059,12
7,Mexcla,restaurants,194,4.7,6,1,-23.5725441757412,-46.6936810045059,12
7,Temakeria E Cia,restaurants,233,4.7,3,2,-23.5725441757412,-46.6936810045059,12
7,Pirajá,restaurants,224,4.0,1,3,-23.5725441757412,-46.6936810045059,12
7,The Fifties,restaurants,182,2.7,6,2,-23.5725441757412,-46.6936810045059,12
7,Creperia Paulista,restaurants,167,4.0,1,0,-23.5725441757412,-46.6936810045059,12
7,Jin Jin Wok,restaurants,198,5.0,1,0,-23.5725441757412,-46.6936810045059,12
7,Poke Poke,restaurants,160,3.0,1,0,-23.5725441757412,-46.6936810045059,12
592,Frangaria,restaurants,173,5.0,4,2,-23.59955,-46.69074,12
592,Kobu Sushi,restaurants,176,4.3,3,0,-23.59955,-46.69074,12
592,Pomar Restaurante,restaurants,159,4.0,1,1,-23.59955,-46.69074,12
592,Porto Banús,restaurants,182,5.0,2,1,-23.59955,-46.69074,12
592,Oggi,restaurants,187,2.0,1,2,-23.59955,-46.69074,12
592,Mostarda Grill,restaurants,185,3.0,1,1,-23.59955,-46.69074,12
556,Abbraccio,restaurants,162,4.1,14,2,-23.59644,-46.68855,4
556,Villa Felice Restaurante,restaurants,48,4.3,4,2,-23.59644,-46.68855,4
556,Madero,restaurants,215,3.7,19,2,-23.59644,-46.68855,4
556,Gaia Grill Restaurante,restaurants,53,4.0,3,2,-23.59644,-46.68855,4
556,Baruk,restaurants,118,4.2,6,2,-23.59644,-46.68855,4
556,Piadina Romagnola,restaurants,71,4.5,2,0,-23.59644,-46.68855,4
556,Tatu Bola Vila Olímpia,restaurants,138,3.5,14,2,-23.59644,-46.68855,4
556,Casa do Pão de Queijo,restaurants,88,4.0,1,1,-23.59644,-46.68855,4
556,Espaço Hibisco,restaurants,56,5.0,1,0,-23.59644,-46.68855,4
556,Kony Temaki,restaurants,74,4.0,2,3,-23.59644,-46.68855,4
556,Le Pain Quotidien,bakeries,216,3.5,12,2,-23.59644,-46.68855,4
556,Cristallo,bakeries,180,4.0,1,3,-23.59644,-46.68855,4
556,Mulequinho's Burger,bakeries,134,3.0,1,0,-23.59644,-46.68855,4
556,B.LEM,bakeries,229,3.0,1,2,-23.59644,-46.68855,4
14,Osaka,restaurants,192,4.3,12,4,-23.5808802329648,-46.6847086015679,8
14,Fleming's,restaurants,81,4.8,5,3,-23.5808802329648,-46.6847086015679,8
14,Fresto,restaurants,154,3.9,15,2,-23.5808802329648,-46.6847086015679,8
14,Rubaiyat,restaurants,181,4.0,12,4,-23.5808802329648,-46.6847086015679,8
14,Hamburguinho Lanches,restaurants,32,4.0,1,3,-23.5808802329648,-46.6847086015679,8
14,Nazca Restobar,restaurants,66,5.0,1,2,-23.5808802329648,-46.6847086015679,8
14,Rei do Picadinho,restaurants,201,4.8,4,1,-23.5808802329648,-46.6847086015679,8
14,Benihana,restaurants,200,3.5,11,3,-23.5808802329648,-46.6847086015679,8
14,Pizza 510,restaurants,189,4.3,3,1,-23.5808802329648,-46.6847086015679,8
573,Esfiha Chic Vergueiro,restaurants,38,2.2,5,2,-23.57748,-46.64081,3
573,Jaber Especialidades Árabes,restaurants,66,3.8,6,1,-23.57748,-46.64081,3
573,Catedral,restaurants,32,5.0,1,0,-23.57748,-46.64081,3
573,Temaki Ya,restaurants,127,4.5,4,2,-23.57748,-46.64081,3
573,Capricho Mineiro,restaurants,170,4.0,2,0,-23.57748,-46.64081,3
573,Lig Lig - Paraíso,restaurants,193,4.0,2,0,-23.57748,-46.64081,3
573,Restaurante Nur El Chams,restaurants,193,4.0,1,1,-23.57748,-46.64081,3
573,Bar e Restaurante Sabor do Picuí,restaurants,183,3.0,1,0,-23.57748,-46.64081,3
601,Mr. Mills Burguer,restaurants,122,4.4,12,3,-23.57364,-46.64214,1
601,Shin-Zushi,restaurants,217,4.2,14,4,-23.57364,-46.64214,1
601,Starbucks,restaurants,169,4.3,4,2,-23.57364,-46.64214,1
601,Rustic'o,restaurants,175,4.0,1,0,-23.57364,-46.64214,1
601,Bolado's Sucos,restaurants,200,5.0,1,0,-23.57364,-46.64214,1
601,Starbucks,coffee,169,4.3,4,2,-23.57364,-46.64214,1
628,Bráz,restaurants,183,4.4,18,3,-23.59874,-46.67144,7
628,Jambu,restaurants,197,2.5,2,2,-23.59874,-46.67144,7
628,Gattai Sushi,restaurants,218,2.5,2,0,-23.59874,-46.67144,7
628,Forma de Pudim,bakeries,164,5.0,1,1,-23.59874,-46.67144,7
628,Pellegrino Pães & Doces,bakeries,97,3.5,2,0,-23.59874,-46.67144,7
446,Pinati,restaurants,234,4.2,5,0,-23.5337422,-46.657056,9
446,Lenharetto,restaurants,236,3.8,4,2,-23.5337422,-46.657056,9
446,Falando Grego,restaurants,172,4.0,1,0,-23.5337422,-46.657056,9
114,Churrascaria Jardineira Grill,restaurants,165,4.5,24,4,-23.6013159108738,-46.68170564666,0
114,Rancho Português - Leitão à Bairrada,restaurants,91,3.7,13,3,-23.6013159108738,-46.68170564666,0
114,Portucale,restaurants,169,4.5,2,3,-23.6013159108738,-46.68170564666,0
114,456 Bar e Lanchonete,restaurants,138,4.0,1,0,-23.6013159108738,-46.68170564666,0
114,Riberão Claro Padaria,bakeries,201,4.5,2,2,-23.6013159108738,-46.68170564666,0
36,Shigueru,restaurants,18,4.0,4,3,-23.58689,-46.67548,14
36,Pão com Carne,restaurants,201,4.6,19,1,-23.58689,-46.67548,14
36,Madero,restaurants,59,3.8,13,2,-23.58689,-46.67548,14
36,Taberna da Esquina,restaurants,45,4.0,2,3,-23.58689,-46.67548,14
36,Brasserie Victoria,restaurants,151,4.4,7,3,-23.58689,-46.67548,14
36,Boteco São Bento,restaurants,184,3.6,15,2,-23.58689,-46.67548,14
36,Salgaderia,restaurants,183,4.6,9,1,-23.58689,-46.67548,14
36,Imakay,restaurants,101,4.3,3,0,-23.58689,-46.67548,14
36,Burrito villa,restaurants,222,5.0,2,1,-23.58689,-46.67548,14
36,Yucatan,restaurants,129,3.3,4,2,-23.58689,-46.67548,14
231,Vinil Burger,restaurants,211,4.3,31,1,-23.5614126775109,-46.6953706304033,5
231,Negroni,restaurants,202,4.5,13,3,-23.5614126775109,-46.6953706304033,5
231,Dô Culinária Japonesa,restaurants,129,4.7,12,4,-23.5614126775109,-46.6953706304033,5
231,Pirajá,restaurants,193,4.0,22,2,-23.5614126775109,-46.6953706304033,5
231,NB Steak,restaurants,126,4.7,9,4,-23.5614126775109,-46.6953706304033,5
231,Vila das Meninas,restaurants,130,4.9,7,2,-23.5614126775109,-46.6953706304033,5
231,Lanchonete da Cidade,restaurants,130,4.0,5,2,-23.5614126775109,-46.6953706304033,5
231,Santinho,restaurants,110,5.0,2,3,-23.5614126775109,-46.6953706304033,5
231,Salumeria Tarantino,restaurants,120,4.3,6,2,-23.5614126775109,-46.6953706304033,5
231,Brigadeiro Doceria & Café,coffee,139,4.5,11,2,-23.5614126775109,-46.6953706304033,5
231,Bolo à Toa - Pinheiros,coffee,153,4.7,3,2,-23.5614126775109,-46.6953706304033,5
231,La Girandola,coffee,227,4.7,3,2,-23.5614126775109,-46.6953706304033,5
525,Mexicaníssimo,restaurants,196,3.5,14,2,-23.598937,-46.676138,0
525,Starbucks,restaurants,157,4.0,2,1,-23.598937,-46.676138,0
102,Caluma Gastronomia,restaurants,240,3.6,7,3,-23.6118685865358,-46.694953329576,10
102,Restaurante Marajó,restaurants,86,4.0,1,0,-23.6118685865358,-46.694953329576,10
102,Rangos Restaurante,restaurants,122,3.3,3,1,-23.6118685865358,-46.694953329576,10
102,Ristorante La Pasta & Formaggio,restaurants,194,4.5,2,0,-23.6118685865358,-46.694953329576,10
102,Armazém Morumbi,restaurants,181,4.5,2,0,-23.6118685865358,-46.694953329576,10
102,Segredo dos Pães,restaurants,197,3.0,1,0,-23.6118685865358,-46.694953329576,10
102,Galpão Restaurante,restaurants,172,3.5,2,1,-23.6118685865358,-46.694953329576,10
102,Panificadora União Fialense,bakeries,102,4.0,1,2,-23.6118685865358,-46.694953329576,10
102,Segredo dos Pães,bakeries,197,3.0,1,0,-23.6118685865358,-46.694953329576,10
435,Sarumon,restaurants,159,4.8,8,2,-23.581559891340504,-46.67270008886336,1
435,Hecho En México,restaurants,225,3.5,26,2,-23.581559891340504,-46.67270008886336,1
435,Le Bou,restaurants,164,4.3,3,2,-23.581559891340504,-46.67270008886336,1
435,Barbearia Corleone,restaurants,184,4.0,2,3,-23.581559891340504,-46.67270008886336,1
435,Gastroarte,restaurants,179,5.0,1,0,-23.581559891340504,-46.67270008886336,1
435,Renato 167,restaurants,240,4.0,1,0,-23.581559891340504,-46.67270008886336,1
435,Restaurante Brunetto,restaurants,181,3.0,1,0,-23.581559891340504,-46.67270008886336,1
435,Panificadora e Rotisserie Lareira,bakeries,164,4.0,1,1,-23.581559891340504,-46.67270008886336,1
474,Al Árabe,restaurants,219,4.4,7,2,-23.568702,-46.687872,0
474,Aya Japanese Cuisine,restaurants,73,3.7,6,0,-23.568702,-46.687872,0
474,Sushibol,restaurants,96,3.8,6,2,-23.568702,-46.687872,0
474,Alshekh,restaurants,198,4.6,7,1,-23.568702,-46.687872,0
474,Maria Gourmet,restaurants,103,4.3,7,1,-23.568702,-46.687872,0
474,Taberna 474,restaurants,159,4.3,4,3,-23.568702,-46.687872,0
474,La Trattoria Cantina Italiana,restaurants,176,4.5,4,2,-23.568702,-46.687872,0
474,Holy Crepe,restaurants,139,3.8,5,1,-23.568702,-46.687872,0
474,Bella mari,restaurants,200,4.3,4,2,-23.568702,-46.687872,0
474,Rosmarino,restaurants,135,4.7,3,3,-23.568702,-46.687872,0
87,Spot,restaurants,139,4.2,46,3,-23.560031477862115,-46.65778968894957,0
87,Hakka Sushi,restaurants,100,3.9,17,4,-23.560031477862115,-46.65778968894957,0
87,Starbucks,restaurants,243,3.9,17,1,-23.560031477862115,-46.65778968894957,0
87,Mate Por Favor,restaurants,257,4.6,10,1,-23.560031477862115,-46.65778968894957,0
87,Pirajá,restaurants,195,4.3,7,2,-23.560031477862115,-46.65778968894957,0
87,A Griffe do Filé Magnon,restaurants,150,4.3,4,1,-23.560031477862115,-46.65778968894957,0
87,La Arena Parrilla,restaurants,120,5.0,2,0,-23.560031477862115,-46.65778968894957,0
87,Manteigaria Lisboa,restaurants,194,3.6,7,1,-23.560031477862115,-46.65778968894957,0
87,Bob's,restaurants,84,3.0,4,1,-23.560031477862115,-46.65778968894957,0
87,Rei do Mate,coffee,161,4.0,2,1,-23.560031477862115,-46.65778968894957,0
87,Café do Ponto,coffee,258,4.5,2,2,-23.560031477862115,-46.65778968894957,0
87,Xodó da Paulista Restaurante e Lanches,bakeries,113,4.2,10,2,-23.560031477862115,-46.65778968894957,0
87,Manteigaria Lisboa,bakeries,194,3.6,7,1,-23.560031477862115,-46.65778968894957,0
87,Empório Arte Nata,bakeries,204,4.0,1,2,-23.560031477862115,-46.65778968894957,0
248,Lanchonete das Letras - Usp,restaurants,51,4.0,2,0,-23.5625149269804,-46.722825563147,6
248,Barraquinha da Sociais,restaurants,159,4.7,3,0,-23.5625149269804,-46.722825563147,6
248,Restaurante da Poli,restaurants,160,4.0,1,0,-23.5625149269804,-46.722825563147,6
248,Restaurante da História e Geografia,restaurants,163,2.5,2,0,-23.5625149269804,-46.722825563147,6
248,Scooby Dog,restaurants,163,3.0,1,0,-23.5625149269804,-46.722825563147,6
59,Hirá Ramen Izakaya,restaurants,205,4.2,23,2,-23.5561973682702,-46.6926703781386,0
59,Tuju,restaurants,200,4.1,21,4,-23.5561973682702,-46.6926703781386,0
59,Chez Mom,restaurants,69,4.4,9,1,-23.5561973682702,-46.6926703781386,0
59,Umai,restaurants,15,4.0,4,0,-23.5561973682702,-46.6926703781386,0
59,Empanadas Bar,restaurants,122,3.8,17,1,-23.5561973682702,-46.6926703781386,0
59,Ruaa,restaurants,216,4.2,13,2,-23.5561973682702,-46.6926703781386,0
59,Villa Grano,restaurants,117,3.5,15,2,-23.5561973682702,-46.6926703781386,0
59,L'Aperô,restaurants,42,2.0,2,0,-23.5561973682702,-46.6926703781386,0
59,Go Dog,restaurants,169,4.4,5,2,-23.5561973682702,-46.6926703781386,0
59,Sushi Da Villa,restaurants,69,5.0,1,0,-23.5561973682702,-46.6926703781386,0
59,Coffee Lab,coffee,140,4.6,94,2,-23.5561973682702,-46.6926703781386,0
59,Café Moreno,coffee,60,3.0,1,1,-23.5561973682702,-46.6926703781386,0
297,Bawarchi,restaurants,78,3.9,17,2,-23.5819406080888,-46.6428930721909,3
297,Ajissai,restaurants,133,4.4,12,2,-23.5819406080888,-46.6428930721909,3
297,Restaurante Huang,restaurants,193,4.3,8,1,-23.5819406080888,-46.6428930721909,3
297,Green Dog,restaurants,71,5.0,1,0,-23.5819406080888,-46.6428930721909,3
297,Dona Tapioca,restaurants,77,4.5,2,1,-23.5819406080888,-46.6428930721909,3
297,Lanchonete Bom Jesus V,restaurants,61,3.0,1,0,-23.5819406080888,-46.6428930721909,3
297,Coffee Bean,restaurants,122,5.0,1,1,-23.5819406080888,-46.6428930721909,3
297,Restaurante Yan Shan,restaurants,202,5.0,1,0,-23.5819406080888,-46.6428930721909,3
297,Fran's Café,restaurants,201,4.0,2,2,-23.5819406080888,-46.6428930721909,3
297,Discoteka Cultural,coffee,77,4.0,1,2,-23.5819406080888,-46.6428930721909,3
405,Café Girondino,restaurants,69,4.1,30,2,-23.54402567,-46.63454504,12
405,Hocca Bar,restaurants,239,4.7,26,2,-23.54402567,-46.63454504,12
405,Salve Jorge,restaurants,180,4.3,14,2,-23.54402567,-46.63454504,12
405,Pedrinho Hot Dog,restaurants,97,4.4,5,0,-23.54402567,-46.63454504,12
405,Café São Bento,restaurants,52,4.0,2,0,-23.54402567,-46.63454504,12
405,Saúde e Sabor,restaurants,98,3.8,4,1,-23.54402567,-46.63454504,12
405,Restaurante Guanabara,restaurants,149,5.0,2,1,-23.54402567,-46.63454504,12
405,Sancho Panza,restaurants,203,4.0,1,1,-23.54402567,-46.63454504,12
405,Bovinu's - Beer & Grill,restaurants,176,4.0,1,2,-23.54402567,-46.63454504,12
405,Café Girondino,coffee,69,4.1,30,2,-23.54402567,-46.63454504,12
405,Shopping Porto Geral,coffee,160,4.4,5,1,-23.54402567,-46.63454504,12
405,Mandíbula,coffee,239,3.7,20,2,-23.54402567,-46.63454504,12
405,Padaria do Mosteiro,bakeries,226,4.0,1,3,-23.54402567,-46.63454504,12
585,P.F. Chang's,restaurants,69,3.3,24,3,-23.58876,-46.67642,7
585,NB Steak,restaurants,102,4.2,10,4,-23.58876,-46.67642,7
585,Brasserie Victoria,restaurants,140,4.4,7,3,-23.58876,-46.67642,7
585,Salgaderia,restaurants,137,4.6,9,1,-23.58876,-46.67642,7
585,Boteco São Bento,restaurants,200,3.6,15,2,-23.58876,-46.67642,7
585,Shigueru,restaurants,211,4.0,4,3,-23.58876,-46.67642,7
585,Pibus Hamburger,restaurants,116,3.2,6,2,-23.58876,-46.67642,7
585,Kappa Sushi Bar,restaurants,210,3.8,5,0,-23.58876,-46.67642,7
18,Manish Restaurante,restaurants,158,4.4,9,2,-23.5866957209891,-46.6839182197003,22
18,"JAM - Japanese Food, Arts & Music",restaurants,171,4.7,6,3,-23.5866957209891,-46.6839182197003,22
18,Sallvattore,restaurants,149,4.3,6,3,-23.5866957209891,-46.6839182197003,22
18,My Temaki,restaurants,146,4.3,8,2,-23.5866957209891,-46.6839182197003,22
18,Loup Restaurante,restaurants,236,5.0,3,0,-23.5866957209891,-46.6839182197003,22
18,Sassá Sushi,restaurants,225,3.8,9,3,-23.5866957209891,-46.6839182197003,22
18,Sakeria,restaurants,92,3.5,2,1,-23.5866957209891,-46.6839182197003,22
18,Espírito Santo,restaurants,221,3.7,6,3,-23.5866957209891,-46.6839182197003,22
18,Matriz Mineira,restaurants,137,5.0,1,2,-23.5866957209891,-46.6839182197003,22
18,Red Steak & Burger,restaurants,130,3.0,2,3,-23.5866957209891,-46.6839182197003,22
119,Praça São Lourenço,restaurants,206,4.3,18,3,-23.5970325358107,-46.6804311376391,4
119,Corleone Barbeer,restaurants,122,5.0,2,2,-23.5970325358107,-46.6804311376391,4
119,Sterna Café,restaurants,178,5.0,2,1,-23.5970325358107,-46.6804311376391,4
119,99 Bar,restaurants,92,1.0,1,0,-23.5970325358107,-46.6804311376391,4
119,La Piadina,restaurants,261,4.0,1,3,-23.5970325358107,-46.6804311376391,4
119,Pavão Bar e Restaurante,restaurants,151,4.5,2,0,-23.5970325358107,-46.6804311376391,4
119,Padaria Villa Imperial,bakeries,155,5.0,1,0,-23.5970325358107,-46.6804311376391,4
119,Panificadora Santa Olímpia,bakeries,152,3.0,2,0,-23.5970325358107,-46.6804311376391,4
3,Terracinho,restaurants,73,4.0,1,0,-23.5664776214954,-46.7012582819428,1
3,Sushikon,restaurants,105,4.0,1,0,-23.5664776214954,-46.7012582819428,1
3,Tiella,restaurants,105,3.5,2,0,-23.5664776214954,-46.7012582819428,1
3,Aro 27,restaurants,124,3.3,3,1,-23.5664776214954,-46.7012582819428,1
3,Check In Falafel,restaurants,201,3.0,1,0,-23.5664776214954,-46.7012582819428,1
307,O Batidão,restaurants,25,3.7,3,0,-23.5898021306398,-46.6350854815602,0
307,Casa Frios Gijo,restaurants,53,5.0,1,0,-23.5898021306398,-46.6350854815602,0
307,Panda,restaurants,131,5.0,1,0,-23.5898021306398,-46.6350854815602,0
307,Boutique de Bolachas,coffee,158,3.0,1,0,-23.5898021306398,-46.6350854815602,0
194,Jardim di Napoli,restaurants,132,4.4,27,2,-23.5415334086621,-46.6555547195509,1
194,Rota do Acarajé,restaurants,139,4.1,17,2,-23.5415334086621,-46.6555547195509,1
194,Santo Grão,restaurants,235,4.4,9,1,-23.5415334086621,-46.6555547195509,1
194,Frutos do Mar Prainha,restaurants,137,4.0,1,2,-23.5415334086621,-46.6555547195509,1
194,Via Castelli,restaurants,172,5.0,1,2,-23.5415334086621,-46.6555547195509,1
194,Jardim de Nápoli,restaurants,235,4.5,2,3,-23.5415334086621,-46.6555547195509,1
194,Giacomo,restaurants,199,2.5,2,2,-23.5415334086621,-46.6555547195509,1
194,Santo Grão,coffee,235,4.4,9,1,-23.5415334086621,-46.6555547195509,1
194,Lord Pães e Doces,bakeries,56,4.0,1,0,-23.5415334086621,-46.6555547195509,1
194,La Bucai,bakeries,133,5.0,1,3,-23.5415334086621,-46.6555547195509,1
154,Cantina Dangelo,restaurants,181,4.5,2,4,-23.5578839112131,-46.6397155073801,5
629,Restaurante Varandinha,restaurants,47,4.2,5,3,-23.603330556072383,-46.69256721103667,1
629,Gioconda Heleniká,restaurants,84,4.8,4,2,-23.603330556072383,-46.69256721103667,1
629,Mexicaníssimo,restaurants,170,3.9,15,2,-23.603330556072383,-46.69256721103667,1
629,Angeline - Berrini,restaurants,41,4.0,2,0,-23.603330556072383,-46.69256721103667,1
629,Rango's,restaurants,38,3.7,3,0,-23.603330556072383,-46.69256721103667,1
629,Le Pastel,restaurants,13,4.0,1,0,-23.603330556072383,-46.69256721103667,1
629,Torniamo Restaurante,restaurants,85,3.5,6,2,-23.603330556072383,-46.69256721103667,1
629,café.combiscoito,restaurants,22,3.0,1,0,-23.603330556072383,-46.69256721103667,1
629,Kii Cozinha Japonesa,restaurants,85,4.0,2,0,-23.603330556072383,-46.69256721103667,1
629,Banana's Juice,restaurants,149,4.0,3,1,-23.603330556072383,-46.69256721103667,1
629,Starbucks,coffee,58,3.0,4,2,-23.603330556072383,-46.69256721103667,1
629,Dolce Perfetto Comércio Doces,bakeries,246,5.0,1,0,-23.603330556072383,-46.69256721103667,1
15,Rufino's,restaurants,181,4.4,14,4,-23.5824196171547,-46.6870353144305,12
15,Empório Santa Maria,restaurants,86,4.2,11,2,-23.5824196171547,-46.6870353144305,12
15,Consulado Mineiro,restaurants,116,4.3,3,0,-23.5824196171547,-46.6870353144305,12
15,Eñe Restaurante,restaurants,25,2.5,2,4,-23.5824196171547,-46.6870353144305,12
15,Corrientes 348,restaurants,169,4.0,1,0,-23.5824196171547,-46.6870353144305,12
15,Bistro L'entrecote D'olivier,restaurants,173,4.2,6,4,-23.5824196171547,-46.6870353144305,12
15,Dhaigo,restaurants,191,3.8,6,3,-23.5824196171547,-46.6870353144305,12
15,Nazca Restobar,restaurants,260,5.0,1,2,-23.5824196171547,-46.6870353144305,12
566,Milk & Mellow Burgers,restaurants,167,3.8,12,2,-23.58631,-46.68691,7
566,Sallvattore,restaurants,175,4.3,6,3,-23.58631,-46.68691,7
566,Loup Restaurante,restaurants,213,5.0,3,0,-23.58631,-46.68691,7
566,Daya & Ture,restaurants,245,4.5,4,2,-23.58631,-46.68691,7
566,Lima Restobar,restaurants,262,5.0,1,0,-23.58631,-46.68691,7
566,Colher de Pau,restaurants,236,3.4,5,2,-23.58631,-46.68691,7
566,Riso Restaurante,restaurants,240,5.0,1,0,-23.58631,-46.68691,7
566,Bar do Alemão,restaurants,234,3.5,4,3,-23.58631,-46.68691,7
566,Original Shundi,restaurants,242,4.0,1,0,-23.58631,-46.68691,7
566,Empório Itaim,bakeries,102,3.5,2,2,-23.58631,-46.68691,7
85,America Burger - Paulista,restaurants,196,3.7,31,2,-23.55595,-46.66266,3
85,Admiral's Place,restaurants,221,4.4,9,3,-23.55595,-46.66266,3
85,Balaio IMS,restaurants,73,4.7,3,0,-23.55595,-46.66266,3
85,Sal Gastronomia,restaurants,219,4.2,17,4,-23.55595,-46.66266,3
85,Tuella,restaurants,84,4.7,3,1,-23.55595,-46.66266,3
85,Recanto da Consolação,restaurants,195,4.0,5,1,-23.55595,-46.66266,3
85,Barões do Café,restaurants,149,4.3,3,1,-23.55595,-46.66266,3
85,Coffe Corner,restaurants,143,4.0,1,1,-23.55595,-46.66266,3
85,Lisboa Grill,restaurants,140,4.5,2,1,-23.55595,-46.66266,3
85,Orange Point,restaurants,158,4.1,8,1,-23.55595,-46.66266,3
85,Barões do Café,coffee,149,4.3,3,1,-23.55595,-46.66266,3
85,Lisboa Grill,bakeries,140,4.5,2,1,-23.55595,-46.66266,3
587,Hakka Sushi,restaurants,69,3.9,17,4,-23.56008,-46.65822,0
587,Spot,restaurants,168,4.2,46,3,-23.56008,-46.65822,0
587,Starbucks,restaurants,223,3.9,17,1,-23.56008,-46.65822,0
587,Mate Por Favor,restaurants,236,4.6,10,1,-23.56008,-46.65822,0
587,A Griffe do Filé Magnon,restaurants,117,4.3,4,1,-23.56008,-46.65822,0
587,Pirajá,restaurants,183,4.3,7,2,-23.56008,-46.65822,0
587,La Arena Parrilla,restaurants,89,5.0,2,0,-23.56008,-46.65822,0
587,Bob's,restaurants,66,3.0,4,1,-23.56008,-46.65822,0
587,Manteigaria Lisboa,restaurants,153,3.6,7,1,-23.56008,-46.65822,0
587,Banana Split,restaurants,139,3.8,6,1,-23.56008,-46.65822,0
587,Rei do Mate,coffee,134,4.0,2,1,-23.56008,-46.65822,0
587,Café do Ponto,coffee,236,4.5,2,2,-23.56008,-46.65822,0
587,Xodó da Paulista Restaurante e Lanches,bakeries,82,4.2,10,2,-23.56008,-46.65822,0
587,Manteigaria Lisboa,bakeries,153,3.6,7,1,-23.56008,-46.65822,0
587,Empório Arte Nata,bakeries,196,4.0,1,2,-23.56008,-46.65822,0
198,Pinati,restaurants,173,4.2,5,0,-23.5358897652191,-46.656765280581,2
198,Lenharetto,restaurants,162,3.8,4,2,-23.5358897652191,-46.656765280581,2
303,Sacra Rolha,restaurants,22,4.5,11,2,-23.5871298485912,-46.6432336771114,1
303,Gamela Mineira,restaurants,27,4.0,1,2,-23.5871298485912,-46.6432336771114,1
303,Parrillada Fuego Celeste,restaurants,73,5.0,4,0,-23.5871298485912,-46.6432336771114,1
303,Zino Adega e Restaurante,restaurants,191,4.1,8,2,-23.5871298485912,-46.6432336771114,1
303,Genuíno,restaurants,86,3.3,6,2,-23.5871298485912,-46.6432336771114,1
303,Bistrô 28,restaurants,76,3.5,2,0,-23.5871298485912,-46.6432336771114,1
303,Quintal do Espeto,restaurants,126,4.0,3,2,-23.5871298485912,-46.6432336771114,1
303,Don Pancho,restaurants,186,3.2,12,2,-23.5871298485912,-46.6432336771114,1
303,Arena,restaurants,110,4.0,2,2,-23.5871298485912,-46.6432336771114,1
303,Suzaku,restaurants,110,3.7,3,2,-23.5871298485912,-46.6432336771114,1
303,Padaria Confeitaria Charme,bakeries,106,5.0,1,2,-23.5871298485912,-46.6432336771114,1
100,Halim,restaurants,200,4.5,37,2,-23.5703654,-46.6458822,3
100,A Chapa,restaurants,178,3.8,25,2,-23.5703654,-46.6458822,3
100,Dinho's,restaurants,180,4.8,12,4,-23.5703654,-46.6458822,3
100,Burguer Lab,restaurants,19,3.3,4,1,-23.5703654,-46.6458822,3
100,Restaurante Boa Saúde Aspargus,restaurants,213,4.6,5,1,-23.5703654,-46.6458822,3
100,Caffè Ristoro Casa das Rosas,restaurants,107,5.0,1,1,-23.5703654,-46.6458822,3
100,O Vegetariano,restaurants,203,4.5,4,1,-23.5703654,-46.6458822,3
100,All Seasons,restaurants,155,4.0,1,1,-23.5703654,-46.6458822,3
100,Carmel Gourmet,restaurants,117,5.0,1,0,-23.5703654,-46.6458822,3
100,PanAroma Café,coffee,1,5.0,1,3,-23.5703654,-46.6458822,3
156,Restaurante Manioca,restaurants,115,4.1,14,4,-23.57602653,-46.68882459,13
156,Piselli Sud,restaurants,168,4.4,7,4,-23.57602653,-46.68882459,13
156,Café Árabe,restaurants,175,4.2,5,2,-23.57602653,-46.68882459,13
156,Viena,restaurants,137,4.1,7,1,-23.57602653,-46.68882459,13
156,Le Jazz Brasserie - Shopping Center Iguatemi,restaurants,175,3.5,6,3,-23.57602653,-46.68882459,13
156,Starbucks,restaurants,132,4.5,2,0,-23.57602653,-46.68882459,13
156,Rodeio,restaurants,137,3.7,6,0,-23.57602653,-46.68882459,13
156,América,restaurants,112,3.0,5,2,-23.57602653,-46.68882459,13
156,Casa de Lanches Frevo,restaurants,137,4.0,1,2,-23.57602653,-46.68882459,13
156,Arábia Express,restaurants,137,4.5,2,0,-23.57602653,-46.68882459,13
156,PÃO - Padaria Artesanal Orgânica,bakeries,166,3.0,4,2,-23.57602653,-46.68882459,13
553,Madero,restaurants,116,3.7,19,2,-23.59469,-46.686,17
553,Abbraccio,restaurants,174,4.1,14,2,-23.59469,-46.686,17
553,HUB Food Art Lounge,restaurants,197,4.6,8,2,-23.59469,-46.686,17
553,H3,restaurants,69,4.3,3,1,-23.59469,-46.686,17
553,Pizza hut,restaurants,52,5.0,1,0,-23.59469,-46.686,17
553,Not guilty,restaurants,75,4.0,1,0,-23.59469,-46.686,17
553,Alpendre Burguer & Beer Pub,restaurants,172,4.0,4,3,-23.59469,-46.686,17
553,Mawari,restaurants,125,4.2,5,3,-23.59469,-46.686,17
553,The Original: Dogs & Shakes,restaurants,105,4.0,2,2,-23.59469,-46.686,17
553,Baked Potato,restaurants,97,4.0,1,0,-23.59469,-46.686,17
553,Pandaréu,coffee,98,4.0,2,2,-23.59469,-46.686,17
553,Il Barista,coffee,134,2.5,2,3,-23.59469,-46.686,17
553,Le Pain Quotidien,bakeries,118,3.5,12,2,-23.59469,-46.686,17
553,B.LEM,bakeries,96,3.0,1,2,-23.59469,-46.686,17
553,Cristallo,bakeries,158,4.0,1,3,-23.59469,-46.686,17
553,Padoca.,bakeries,92,3.0,2,0,-23.59469,-46.686,17
91,Café Creme,restaurants,61,4.0,13,2,-23.5662497091298,-46.6504363824566,2
91,Cinema Reserva Cultural,restaurants,123,4.4,23,1,-23.5662497091298,-46.6504363824566,2
91,Ráscal,restaurants,142,4.0,15,2,-23.5662497091298,-46.6504363824566,2
91,Restaurante Pub Kei,restaurants,90,3.9,17,3,-23.5662497091298,-46.6504363824566,2
91,À Mineira,restaurants,223,3.9,18,2,-23.5662497091298,-46.6504363824566,2
91,Burger Joint,restaurants,64,3.2,10,2,-23.5662497091298,-46.6504363824566,2
91,Izakaya Bueno,restaurants,152,3.7,17,3,-23.5662497091298,-46.6504363824566,2
91,Shanghai,restaurants,159,4.8,5,1,-23.5662497091298,-46.6504363824566,2
91,Puerto Del Toro,restaurants,74,4.0,2,2,-23.5662497091298,-46.6504363824566,2
91,Mc Donald's,restaurants,13,3.0,5,3,-23.5662497091298,-46.6504363824566,2
91,Starbucks,coffee,64,3.3,3,2,-23.5662497091298,-46.6504363824566,2
91,Fnac Café by Fran's,coffee,117,3.7,3,2,-23.5662497091298,-46.6504363824566,2
91,Pain de France,bakeries,111,2.7,3,2,-23.5662497091298,-46.6504363824566,2
91,Empório Amino,bakeries,215,3.5,2,2,-23.5662497091298,-46.6504363824566,2
357,Sweden,restaurants,145,3.5,2,3,-23.559303418872275,-46.73011890367904,23
357,Restaurante do Ime,restaurants,180,1.8,4,0,-23.559303418872275,-46.73011890367904,23
216,Bovinu's,restaurants,121,4.5,21,3,-23.5621418901363,-46.6765358521077,0
216,Underdog Meat & Beers,restaurants,209,4.6,29,1,-23.5621418901363,-46.6765358521077,0
216,Jacarandá,restaurants,224,4.1,15,3,-23.5621418901363,-46.6765358521077,0
216,011 gastronomia,restaurants,223,4.5,4,2,-23.5621418901363,-46.6765358521077,0
216,Jun Sakamoto,restaurants,155,4.0,8,4,-23.5621418901363,-46.6765358521077,0
216,Bar General,restaurants,154,3.7,7,2,-23.5621418901363,-46.6765358521077,0
216,Dona Conceição,restaurants,144,4.0,1,2,-23.5621418901363,-46.6765358521077,0
216,Sweet Café,restaurants,141,5.0,3,1,-23.5621418901363,-46.6765358521077,0
216,PICCO,restaurants,197,5.0,1,0,-23.5621418901363,-46.6765358521077,0
216,CPL Pães e Doces,bakeries,232,4.7,3,0,-23.5621418901363,-46.6765358521077,0
222,Pasquale Cantina,restaurants,119,4.4,9,2,-23.5587392337508,-46.6871313395988,1
222,Peixaria Bar e Venda,restaurants,106,4.3,16,2,-23.5587392337508,-46.6871313395988,1
222,Maha Mantra,restaurants,218,4.6,13,2,-23.5587392337508,-46.6871313395988,1
222,Vila Seu Justino,restaurants,179,3.6,11,2,-23.5587392337508,-46.6871313395988,1
222,Ó do Borogodó,restaurants,183,4.3,15,2,-23.5587392337508,-46.6871313395988,1
222,Jardim das Delícias,restaurants,129,4.7,3,2,-23.5587392337508,-46.6871313395988,1
222,Ícone GastroRock,restaurants,141,5.0,3,3,-23.5587392337508,-46.6871313395988,1
222,Alternativa Casa do Natural,restaurants,197,4.1,10,2,-23.5587392337508,-46.6871313395988,1
35,KAÁ,restaurants,67,4.4,35,4,-23.5872880300388,-46.6730159471865,12
35,Pizzaria Camelo,restaurants,174,4.4,8,2,-23.5872880300388,-46.6730159471865,12
35,Glória Bar,restaurants,31,2.0,1,2,-23.5872880300388,-46.6730159471865,12
35,Madero,restaurants,209,3.8,13,2,-23.5872880300388,-46.6730159471865,12
35,Boloccino,restaurants,54,3.0,2,1,-23.5872880300388,-46.6730159471865,12
35,Yucatan,restaurants,127,3.3,4,2,-23.5872880300388,-46.6730159471865,12
181,Terenos,restaurants,51,4.5,2,0,-23.5398674287039,-46.6498022180738,3
181,Arte Rei do Pastel,restaurants,68,5.0,1,0,-23.5398674287039,-46.6498022180738,3
181,Coconut Brasil,restaurants,129,3.1,11,1,-23.5398674287039,-46.6498022180738,3
181,Panela da Cecília,restaurants,52,2.6,5,2,-23.5398674287039,-46.6498022180738,3
181,Siga La Vaca,restaurants,188,3.5,11,2,-23.5398674287039,-46.6498022180738,3
181,Toshiro Sushi,restaurants,246,4.0,8,2,-23.5398674287039,-46.6498022180738,3
181,Star City,restaurants,213,4.3,4,3,-23.5398674287039,-46.6498022180738,3
181,Frango com Tudo,restaurants,210,3.3,6,2,-23.5398674287039,-46.6498022180738,3
181,Carol Coxinhas,restaurants,244,5.0,1,1,-23.5398674287039,-46.6498022180738,3
181,Esfiha Chic,restaurants,238,3.0,2,1,-23.5398674287039,-46.6498022180738,3
28,Pobre Juan,restaurants,62,4.2,14,4,-23.5933504143939,-46.6770266849259,7
28,348 Parrilla Porteña,restaurants,96,4.2,13,4,-23.5933504143939,-46.6770266849259,7
28,Torta no Quintal,restaurants,164,4.8,16,1,-23.5933504143939,-46.6770266849259,7
28,Beyti Restaurante,restaurants,23,4.3,3,0,-23.5933504143939,-46.6770266849259,7
28,Darín Omeletes,restaurants,17,5.0,1,0,-23.5933504143939,-46.6770266849259,7
28,Enoteca Saint Vin Saint,restaurants,227,5.0,6,3,-23.5933504143939,-46.6770266849259,7
28,Maracujá Bistrô,restaurants,28,4.0,1,0,-23.5933504143939,-46.6770266849259,7
28,Eurobike Café,restaurants,47,5.0,1,0,-23.5933504143939,-46.6770266849259,7
28,Panificadora Styllos,restaurants,114,4.3,3,1,-23.5933504143939,-46.6770266849259,7
28,Bárbaro,restaurants,234,4.2,5,0,-23.5933504143939,-46.6770266849259,7
28,Panificadora Styllos,bakeries,114,4.3,3,1,-23.5933504143939,-46.6770266849259,7
28,Natural da Terra,bakeries,221,4.0,1,0,-23.5933504143939,-46.6770266849259,7
189,Bazar da Pizza,restaurants,130,4.3,7,2,-23.5706120024434,-46.6904882733558,0
189,America Eldorado,restaurants,125,5.0,3,2,-23.5706120024434,-46.6904882733558,0
189,Capisce?,restaurants,203,4.1,7,1,-23.5706120024434,-46.6904882733558,0
189,Marach,restaurants,132,4.0,3,2,-23.5706120024434,-46.6904882733558,0
189,Vecchio Torino,restaurants,186,5.0,3,3,-23.5706120024434,-46.6904882733558,0
189,Maria Gourmet,restaurants,242,4.3,7,1,-23.5706120024434,-46.6904882733558,0
189,Grão Expresso,restaurants,105,4.0,1,2,-23.5706120024434,-46.6904882733558,0
189,Salsa Restaurante,restaurants,203,4.5,2,2,-23.5706120024434,-46.6904882733558,0
189,Pecorino Bar e Tratoria,restaurants,203,4.5,4,0,-23.5706120024434,-46.6904882733558,0
189,Rosmarino,restaurants,228,4.7,3,3,-23.5706120024434,-46.6904882733558,0
189,Padaria Tupinambá,bakeries,131,4.0,1,1,-23.5706120024434,-46.6904882733558,0
599,Bar da Dona Onça,restaurants,153,3.9,64,3,-23.5468,-46.646,8
599,Por Um Punhado de Dólares,restaurants,187,4.6,40,1,-23.5468,-46.646,8
599,La Central,restaurants,141,3.9,29,3,-23.5468,-46.646,8
599,Restaurante Lollita,restaurants,23,4.0,1,2,-23.5468,-46.646,8
599,Bia Hoi SP Vietpub,restaurants,89,3.8,6,2,-23.5468,-46.646,8
599,James Cafeteria,restaurants,63,5.0,1,1,-23.5468,-46.646,8
599,Carlino,restaurants,84,4.0,2,3,-23.5468,-46.646,8
599,Santa Efigênia,restaurants,141,3.4,9,1,-23.5468,-46.646,8
599,Eco Mercato,restaurants,97,4.7,3,0,-23.5468,-46.646,8
599,Por Um Punhado de Dólares,coffee,187,4.6,40,1,-23.5468,-46.646,8
599,Café Floresta,coffee,97,4.2,12,1,-23.5468,-46.646,8
599,Café Galícia,coffee,113,3.5,4,2,-23.5468,-46.646,8
599,Santa Efigênia,bakeries,141,3.4,9,1,-23.5468,-46.646,8
309,Bullguer Vila Nova Conceição,restaurants,120,3.9,28,1,-23.597741851622057,-46.66891624271391,12
309,Frutaria São Paulo,restaurants,194,3.8,18,2,-23.597741851622057,-46.66891624271391,12
309,Kosho,restaurants,236,4.8,6,3,-23.597741851622057,-46.66891624271391,12
309,Empório Frutaria,restaurants,104,4.4,9,3,-23.597741851622057,-46.66891624271391,12
309,Mytho,restaurants,160,5.0,1,0,-23.597741851622057,-46.66891624271391,12
309,Cervejaria Patriarca,restaurants,106,3.5,2,0,-23.597741851622057,-46.66891624271391,12
309,Restaurante America,restaurants,179,2.0,1,0,-23.597741851622057,-46.66891624271391,12
309,Pellegrino Pães & Doces,bakeries,186,3.5,2,0,-23.597741851622057,-46.66891624271391,12
126,Bráz,restaurants,239,4.4,18,3,-23.6013401704407,-46.6711916347834,4
126,Jambu,restaurants,268,2.5,2,2,-23.6013401704407,-46.6711916347834,4
126,Bles Dor,restaurants,115,3.0,4,2,-23.6013401704407,-46.6711916347834,4
475,Lins Sushi,restaurants,16,4.0,1,2,-23.53394635914628,-46.65272801416496,4
475,Padaria e Confeitaria Palmeiras,restaurants,157,3.5,2,1,-23.53394635914628,-46.65272801416496,4
475,Praça da Alimentação - Hirota,restaurants,159,4.0,1,1,-23.53394635914628,-46.65272801416496,4
475,Iracema Pães e Doces,bakeries,57,2.7,7,2,-23.53394635914628,-46.65272801416496,4
475,Padaria e Confeitaria Palmeiras,bakeries,157,3.5,2,1,-23.53394635914628,-46.65272801416496,4
475,Praça da Alimentação - Hirota,bakeries,159,4.0,1,1,-23.53394635914628,-46.65272801416496,4
590,Alshekh,restaurants,62,4.6,7,1,-23.56758,-46.68716,1
590,Nello's Cantina e Pizzaria,restaurants,122,4.1,12,2,-23.56758,-46.68716,1
590,Na Garagem,restaurants,230,4.4,29,1,-23.56758,-46.68716,1
590,La Trattoria Cantina Italiana,restaurants,70,4.5,4,2,-23.56758,-46.68716,1
590,Fast Berlin,restaurants,221,4.5,15,2,-23.56758,-46.68716,1
590,Bella mari,restaurants,56,4.3,4,2,-23.56758,-46.68716,1
590,Al Árabe,restaurants,184,4.4,7,2,-23.56758,-46.68716,1
590,I Bistrot,restaurants,63,4.7,3,1,-23.56758,-46.68716,1
590,Novo Caviar Lanchonete,restaurants,81,4.0,1,1,-23.56758,-46.68716,1
590,Sushibol,restaurants,127,3.8,6,2,-23.56758,-46.68716,1
467,Torta no Quintal,restaurants,209,4.8,16,1,-23.59280085840878,-46.68018076980589,32
467,Enoteca Saint Vin Saint,restaurants,213,5.0,6,3,-23.59280085840878,-46.68018076980589,32
467,Dublin Live Music,restaurants,119,4.0,9,2,-23.59280085840878,-46.68018076980589,32
467,Kiichi - Itaim,restaurants,84,4.0,6,3,-23.59280085840878,-46.68018076980589,32
467,Bar do Arnesto,restaurants,77,4.0,3,2,-23.59280085840878,-46.68018076980589,32
467,Herdade Restaurante,restaurants,41,3.3,4,1,-23.59280085840878,-46.68018076980589,32
467,Bistrô Faria Lima,restaurants,93,3.1,8,3,-23.59280085840878,-46.68018076980589,32
467,Original Burger,restaurants,74,1.0,1,0,-23.59280085840878,-46.68018076980589,32
467,Pasta d'autori,restaurants,139,4.0,1,0,-23.59280085840878,-46.68018076980589,32
467,Dona Chocolateira,coffee,196,4.3,6,2,-23.59280085840878,-46.68018076980589,32
467,Café Voyage,coffee,189,3.0,2,0,-23.59280085840878,-46.68018076980589,32
319,Speranza,restaurants,140,4.1,10,2,-23.6037621017182,-46.6616847898962,2
319,Restaurante Koban,restaurants,210,3.8,13,2,-23.6037621017182,-46.6616847898962,2
319,Aoyama,restaurants,207,3.8,17,3,-23.6037621017182,-46.6616847898962,2
319,Restaurante Sapporo,restaurants,56,4.0,1,0,-23.6037621017182,-46.6616847898962,2
319,Rinconcito Peruano,restaurants,212,4.1,7,2,-23.6037621017182,-46.6616847898962,2
319,Osaka Restaurante,restaurants,139,3.8,5,3,-23.6037621017182,-46.6616847898962,2
319,Applebee's Grill + Bar,restaurants,221,3.2,14,2,-23.6037621017182,-46.6616847898962,2
319,Tony Roma's,restaurants,199,3.3,15,3,-23.6037621017182,-46.6616847898962,2
319,Casa Mathilde,coffee,130,3.8,6,2,-23.6037621017182,-46.6616847898962,2
319,Casa Mathilde,bakeries,130,3.8,6,2,-23.6037621017182,-46.6616847898962,2
73,Uo Katsu,restaurants,111,4.4,5,2,-23.5770321440522,-46.6564518396582,5
73,Na Janela,restaurants,138,5.0,1,0,-23.5770321440522,-46.6564518396582,5
143,Boteco São Bento,restaurants,49,3.6,15,2,-23.586701,-46.677361,17
143,Pão com Carne,restaurants,245,4.6,19,1,-23.586701,-46.677361,17
143,Salgaderia,restaurants,112,4.6,9,1,-23.586701,-46.677361,17
143,Kitchin,restaurants,66,4.7,6,0,-23.586701,-46.677361,17
143,Lemony Café,restaurants,47,4.0,1,2,-23.586701,-46.677361,17
143,Kappa Sushi Bar,restaurants,85,3.8,5,0,-23.586701,-46.677361,17
143,Sapporo,restaurants,228,5.0,4,3,-23.586701,-46.677361,17
143,Imakay,restaurants,107,4.3,3,0,-23.586701,-46.677361,17
143,Um Coffee Co.,restaurants,55,4.0,1,0,-23.586701,-46.677361,17
5,Comedoria,restaurants,127,4.4,5,1,-23.56903870952971,-46.6973044204905,6
5,Los Jappas,restaurants,187,4.0,2,1,-23.56903870952971,-46.6973044204905,6
5,Restaurante do Jardim,restaurants,209,3.0,1,0,-23.56903870952971,-46.6973044204905,6
5,Terra Roxa Lanchonete,restaurants,205,3.0,1,0,-23.56903870952971,-46.6973044204905,6
124,Carline,restaurants,36,2.5,2,0,-23.5940306200704,-46.6692773588711,11
124,Pecorino Bar & Trattoria Vila Nova,restaurants,114,4.0,3,0,-23.5940306200704,-46.6692773588711,11
124,Le Pain Quotidien,restaurants,197,3.7,3,2,-23.5940306200704,-46.6692773588711,11
124,A Pracinha,restaurants,116,4.0,2,2,-23.5940306200704,-46.6692773588711,11
124,Sahy,restaurants,181,3.0,1,0,-23.5940306200704,-46.6692773588711,11
124,Sodiê Doces,coffee,177,4.0,1,0,-23.5940306200704,-46.6692773588711,11
124,Bolo ao Forno,coffee,188,4.0,1,0,-23.5940306200704,-46.6692773588711,11
124,B.LEM,bakeries,231,4.8,4,2,-23.5940306200704,-46.6692773588711,11
124,Le Pain Quotidien,bakeries,197,3.7,3,2,-23.5940306200704,-46.6692773588711,11
162,Outback Steakhouse,restaurants,183,4.6,9,2,-23.5550645493143,-46.6520335101847,1
162,La Lupa,restaurants,20,4.0,1,0,-23.5550645493143,-46.6520335101847,1
162,Zeffiro Restaurante e Rotisseria,restaurants,210,3.8,11,2,-23.5550645493143,-46.6520335101847,1
162,North Bar e Grill,restaurants,170,4.0,1,3,-23.5550645493143,-46.6520335101847,1
162,Latife,restaurants,170,4.0,2,1,-23.5550645493143,-46.6520335101847,1
162,Scada Café,restaurants,118,4.0,1,0,-23.5550645493143,-46.6520335101847,1
162,Frey Café & Coisinhas,restaurants,215,2.8,4,2,-23.5550645493143,-46.6520335101847,1
162,Temakeria e Cia,restaurants,170,3.0,1,2,-23.5550645493143,-46.6520335101847,1
162,Starbucks,coffee,181,4.0,4,2,-23.5550645493143,-46.6520335101847,1
162,Amor Aos Pedaços,bakeries,180,5.0,2,1,-23.5550645493143,-46.6520335101847,1
178,Terraço Itália,restaurants,57,4.0,44,4,-23.5456630543638,-46.6432462652324,8
178,A Casa do Porco Bar,restaurants,172,4.5,85,3,-23.5456630543638,-46.6432462652324,8
178,Bar da Dona Onça,restaurants,161,3.9,64,3,-23.5456630543638,-46.6432462652324,8
178,La Central,restaurants,170,3.9,29,3,-23.5456630543638,-46.6432462652324,8
178,JazzB,restaurants,192,4.8,9,2,-23.5456630543638,-46.6432462652324,8
178,Esther Rooftop,restaurants,121,4.4,11,3,-23.5456630543638,-46.6432462652324,8
178,Panela de Ouro,restaurants,83,4.3,3,1,-23.5456630543638,-46.6432462652324,8
178,Almanara,restaurants,74,3.8,4,2,-23.5456630543638,-46.6432462652324,8
178,California,restaurants,114,4.4,5,2,-23.5456630543638,-46.6432462652324,8
178,Bom Gusto,restaurants,43,4.0,1,0,-23.5456630543638,-46.6432462652324,8
178,Café Floresta,coffee,215,4.2,12,1,-23.5456630543638,-46.6432462652324,8
178,sotto café,coffee,191,3.5,2,2,-23.5456630543638,-46.6432462652324,8
178,Santa Efigênia,bakeries,170,3.4,9,1,-23.5456630543638,-46.6432462652324,8
178,Mundo Pão do Olivier,bakeries,145,3.5,4,2,-23.5456630543638,-46.6432462652324,8
296,Jazz Restô & Burgers,restaurants,38,3.8,17,2,-23.5808723459433,-46.6389882042411,2
296,Sorveteria e Lanchonete Ypê,restaurants,39,4.2,10,2,-23.5808723459433,-46.6389882042411,2
296,Prime Dog,restaurants,169,3.4,18,1,-23.5808723459433,-46.6389882042411,2
296,Barbirô Bar e Restaurante,restaurants,96,2.7,6,2,-23.5808723459433,-46.6389882042411,2
296,Domênica Café,restaurants,96,4.0,1,0,-23.5808723459433,-46.6389882042411,2
296,Lanchonete Estrela da Ana Rosa,restaurants,96,4.0,1,0,-23.5808723459433,-46.6389882042411,2
296,Subway,restaurants,186,5.0,1,0,-23.5808723459433,-46.6389882042411,2
296,Melonpan,bakeries,107,3.0,1,0,-23.5808723459433,-46.6389882042411,2
296,Ponto 30,bakeries,137,3.0,1,1,-23.5808723459433,-46.6389882042411,2
243,Sweden,restaurants,170,3.5,2,3,-23.5599272394511,-46.72710617306,19
125,Kosho,restaurants,133,4.8,6,3,-23.5972296670023,-46.6716583619071,2
125,Burguer king,restaurants,224,4.3,4,1,-23.5972296670023,-46.6716583619071,2
125,Le Pain Quotidien,restaurants,235,3.7,3,2,-23.5972296670023,-46.6716583619071,2
125,Forma de Pudim,bakeries,86,5.0,1,1,-23.5972296670023,-46.6716583619071,2
125,Le Pain Quotidien,bakeries,235,3.7,3,2,-23.5972296670023,-46.6716583619071,2
125,Pellegrino Pães & Doces,bakeries,153,3.5,2,0,-23.5972296670023,-46.6716583619071,2
304,Quintal do Braz,restaurants,161,4.5,26,2,-23.5918790017162,-46.6422240650602,2
304,Taverna Medieval,restaurants,161,5.0,4,3,-23.5918790017162,-46.6422240650602,2
304,Panificadora União Paulista,restaurants,144,3.0,1,1,-23.5918790017162,-46.6422240650602,2
304,Pastel Croc 30,restaurants,253,3.2,6,2,-23.5918790017162,-46.6422240650602,2
304,Kina da Vila - Espeto & Cia,restaurants,236,3.3,3,2,-23.5918790017162,-46.6422240650602,2
304,Panificadora União Paulista,bakeries,144,3.0,1,1,-23.5918790017162,-46.6422240650602,2
411,Starbucks Coffee,restaurants,192,3.6,18,2,-23.57306366,-46.69823431,3
411,Hiro Shopping Eldorado,restaurants,220,4.0,6,2,-23.57306366,-46.69823431,3
411,Ibiza,restaurants,220,4.5,2,2,-23.57306366,-46.69823431,3
411,Go Natural,restaurants,178,4.0,1,1,-23.57306366,-46.69823431,3
411,Starbucks,restaurants,135,3.2,5,0,-23.57306366,-46.69823431,3
411,Subway - Shop. Eldorado,restaurants,220,2.5,2,0,-23.57306366,-46.69823431,3
411,Starbucks Coffee,coffee,192,3.6,18,2,-23.57306366,-46.69823431,3
411,Starbucks,coffee,135,3.2,5,0,-23.57306366,-46.69823431,3
140,ICI Brasserie,restaurants,110,4.0,22,3,-23.590773597943684,-46.68875780368327,16
140,Spot,restaurants,185,4.7,10,3,-23.590773597943684,-46.68875780368327,16
140,Varanda,restaurants,164,4.4,5,3,-23.590773597943684,-46.68875780368327,16
140,General Prime Burger,restaurants,176,3.2,13,2,-23.590773597943684,-46.68875780368327,16
140,Jardim De Napoli JK iguatemi,restaurants,87,5.0,1,3,-23.590773597943684,-46.68875780368327,16
140,Santo Grão,restaurants,58,4.0,1,0,-23.590773597943684,-46.68875780368327,16
140,Rizzo Gourmet JK,restaurants,121,5.0,1,1,-23.590773597943684,-46.68875780368327,16
140,Almanara,restaurants,144,3.7,3,3,-23.590773597943684,-46.68875780368327,16
140,Divino Fogão,restaurants,58,3.0,2,0,-23.590773597943684,-46.68875780368327,16
140,Le Manjue Café,restaurants,136,5.0,1,0,-23.590773597943684,-46.68875780368327,16
140,Starbucks,coffee,188,4.0,3,2,-23.590773597943684,-46.68875780368327,16
522,Side,restaurants,74,4.3,16,3,-23.583125061273908,-46.678414800463976,8
522,Due Cuochi Cucina,restaurants,247,4.3,27,3,-23.583125061273908,-46.678414800463976,8
522,Cachoeira Tropical,restaurants,63,4.7,6,1,-23.583125061273908,-46.678414800463976,8
522,Tatá Sushi,restaurants,63,4.3,3,0,-23.583125061273908,-46.678414800463976,8
522,Ohka,restaurants,193,4.8,17,4,-23.583125061273908,-46.678414800463976,8
522,Modern Mamma Osteria,restaurants,200,4.5,11,0,-23.583125061273908,-46.678414800463976,8
522,Cantaloup,restaurants,194,4.0,9,3,-23.583125061273908,-46.678414800463976,8
522,Fry's,restaurants,23,3.0,2,0,-23.583125061273908,-46.678414800463976,8
522,Ritz,restaurants,269,3.9,11,2,-23.583125061273908,-46.678414800463976,8
522,Madureira Sucos,restaurants,126,4.3,15,2,-23.583125061273908,-46.678414800463976,8
522,Mr Baker,bakeries,248,3.9,19,2,-23.583125061273908,-46.678414800463976,8
522,Doce Mania,bakeries,174,5.0,1,2,-23.583125061273908,-46.678414800463976,8
522,Saint Germain,bakeries,259,5.0,1,3,-23.583125061273908,-46.678414800463976,8
117,Abbraccio,restaurants,96,4.1,14,2,-23.5966593672495,-46.6865907226439,14
117,Madero,restaurants,128,3.7,19,2,-23.5966593672495,-46.6865907226439,14
117,Mawari,restaurants,109,4.2,5,3,-23.5966593672495,-46.6865907226439,14
117,Asia House - Vila Olímpia,restaurants,133,4.0,4,1,-23.5966593672495,-46.6865907226439,14
117,H3,restaurants,169,4.3,3,1,-23.5966593672495,-46.6865907226439,14
117,Villa Felice Restaurante,restaurants,153,4.3,4,2,-23.5966593672495,-46.6865907226439,14
117,The Original: Dogs & Shakes,restaurants,126,4.0,2,2,-23.5966593672495,-46.6865907226439,14
117,Outback Steakhouse,restaurants,94,3.0,2,2,-23.5966593672495,-46.6865907226439,14
117,Vila Gourmet,restaurants,92,3.0,2,1,-23.5966593672495,-46.6865907226439,14
117,King Döner Kebaberia,restaurants,95,5.0,1,0,-23.5966593672495,-46.6865907226439,14
117,Pandaréu,coffee,136,4.0,2,2,-23.5966593672495,-46.6865907226439,14
117,Il Barista,coffee,150,2.5,2,3,-23.5966593672495,-46.6865907226439,14
117,Le Pain Quotidien,bakeries,123,3.5,12,2,-23.5966593672495,-46.6865907226439,14
117,Cristallo,bakeries,97,4.0,1,3,-23.5966593672495,-46.6865907226439,14
117,B.LEM,bakeries,153,3.0,1,2,-23.5966593672495,-46.6865907226439,14
26,HUB Food Art Lounge,restaurants,136,4.6,8,2,-23.5954713938406,-46.68321603623269,15
26,Tantra,restaurants,125,3.5,15,3,-23.5954713938406,-46.68321603623269,15
26,Alpendre Burguer & Beer Pub,restaurants,161,4.0,4,3,-23.5954713938406,-46.68321603623269,15
26,Parrilla São José,restaurants,163,4.6,5,3,-23.5954713938406,-46.68321603623269,15
26,Tempero da Villa,restaurants,56,4.0,2,0,-23.5954713938406,-46.68321603623269,15
26,Empório Ravioli,restaurants,158,4.3,3,4,-23.5954713938406,-46.68321603623269,15
26,Jow Sushi Bar,restaurants,152,3.3,6,2,-23.5954713938406,-46.68321603623269,15
26,Crepes & Waffles - Shopping Vila Olímpia,restaurants,162,4.0,1,2,-23.5954713938406,-46.68321603623269,15
26,Wheelz Gastronomia Urbana,restaurants,93,3.5,2,1,-23.5954713938406,-46.68321603623269,15
26,Galeto's,restaurants,160,3.0,3,2,-23.5954713938406,-46.68321603623269,15
207,Chez Oscar,restaurants,22,4.3,21,3,-23.561309,-46.670715,0
207,Vento Haragano,restaurants,112,4.5,50,4,-23.561309,-46.670715,0
207,Town,restaurants,14,4.2,9,2,-23.561309,-46.670715,0
207,Manzua,restaurants,44,4.0,3,2,-23.561309,-46.670715,0
207,Mori Ohta Sushi,restaurants,187,3.9,46,3,-23.561309,-46.670715,0
207,Marcel,restaurants,190,4.1,11,3,-23.561309,-46.670715,0
207,A Chapa,restaurants,208,3.8,13,2,-23.561309,-46.670715,0
207,Amsterdam Bistrô Café,restaurants,55,3.7,3,2,-23.561309,-46.670715,0
207,Ristorantino,restaurants,222,4.1,9,0,-23.561309,-46.670715,0
207,Leckerhaus,coffee,159,4.2,12,2,-23.561309,-46.670715,0
207,Amsterdam Bistrô Café,coffee,55,3.7,3,2,-23.561309,-46.670715,0
207,Antipasti,bakeries,146,5.0,1,2,-23.561309,-46.670715,0
207,Dengosa Paes e Doces,bakeries,179,4.5,2,1,-23.561309,-46.670715,0
563,Pizzaria Nacional,restaurants,214,4.5,13,3,-23.59846,-46.66696,4
563,La Ventana Parrilla,restaurants,36,4.0,1,4,-23.59846,-46.66696,4
563,Frutaria São Paulo,restaurants,124,3.8,18,2,-23.59846,-46.66696,4
563,Bullguer Vila Nova Conceição,restaurants,180,3.9,28,1,-23.59846,-46.66696,4
563,Pé no Parque,restaurants,179,3.9,27,2,-23.59846,-46.66696,4
563,La Grassa,restaurants,79,4.2,6,3,-23.59846,-46.66696,4
563,Empório Frutaria,restaurants,174,4.4,9,3,-23.59846,-46.66696,4
563,Restaurante America,restaurants,65,2.0,1,0,-23.59846,-46.66696,4
563,Mytho,restaurants,157,5.0,1,0,-23.59846,-46.66696,4
563,Saikai Sushi,restaurants,80,1.7,3,0,-23.59846,-46.66696,4
563,Orquídea dos Pássaros Pães e Doces,bakeries,233,3.7,3,2,-23.59846,-46.66696,4
190,Zena Caffè,restaurants,26,4.1,15,3,-23.5678391124139,-46.6640697432797,4
190,Restaurante Tanit,restaurants,23,5.0,9,0,-23.5678391124139,-46.6640697432797,4
190,Santo Grão,restaurants,249,4.2,58,2,-23.5678391124139,-46.6640697432797,4
190,Tartuferia San Paolo,restaurants,17,3.4,8,3,-23.5678391124139,-46.6640697432797,4
190,Frutaria São Paulo,restaurants,37,3.3,12,2,-23.5678391124139,-46.6640697432797,4
190,Kouzina,restaurants,177,3.9,31,2,-23.5678391124139,-46.6640697432797,4
190,Piola,restaurants,199,4.3,10,2,-23.5678391124139,-46.6640697432797,4
190,Myk,restaurants,117,3.7,26,4,-23.5678391124139,-46.6640697432797,4
190,Tatou Restaurante,restaurants,25,4.0,1,3,-23.5678391124139,-46.6640697432797,4
190,Cabana Burger,restaurants,122,3.7,9,2,-23.5678391124139,-46.6640697432797,4
190,Bacio di Latte,coffee,49,4.7,39,2,-23.5678391124139,-46.6640697432797,4
190,A Fornada Padaria,bakeries,148,4.0,2,0,-23.5678391124139,-46.6640697432797,4
332,Restaurante Raízes,restaurants,16,4.0,2,2,-23.6107351221245,-46.6804598847155,1
332,Dairin Sushi Bar,restaurants,34,3.7,3,2,-23.6107351221245,-46.6804598847155,1
332,Rústico,restaurants,32,4.5,2,0,-23.6107351221245,-46.6804598847155,1
332,Nova Guararapes,restaurants,137,5.0,1,0,-23.6107351221245,-46.6804598847155,1
332,O Rei na Barriga,restaurants,195,4.0,2,2,-23.6107351221245,-46.6804598847155,1
332,Varanda Pizza & Esfiha,restaurants,169,4.0,2,1,-23.6107351221245,-46.6804598847155,1
332,Iracema Paes e Doce,bakeries,154,4.7,3,2,-23.6107351221245,-46.6804598847155,1
332,Manhattan Pães e Doces,bakeries,193,4.5,4,2,-23.6107351221245,-46.6804598847155,1
92,Sushiguen,restaurants,76,4.4,18,3,-23.5681059122191,-46.6486743523506,2
92,Halabi Shawarma,restaurants,52,4.1,11,1,-23.5681059122191,-46.6486743523506,2
92,Starbucks,restaurants,22,3.3,4,2,-23.5681059122191,-46.6486743523506,2
92,Kan,restaurants,82,4.9,7,4,-23.5681059122191,-46.6486743523506,2
92,Frans Café,restaurants,40,4.0,2,0,-23.5681059122191,-46.6486743523506,2
92,Restaurante Boa Saúde Aspargus,restaurants,195,4.6,5,1,-23.5681059122191,-46.6486743523506,2
92,California Coffee,restaurants,70,4.0,2,2,-23.5681059122191,-46.6486743523506,2
92,Starbucks,restaurants,66,3.5,4,2,-23.5681059122191,-46.6486743523506,2
92,Livraria Martins Fontes,coffee,29,4.1,8,2,-23.5681059122191,-46.6486743523506,2
92,Arcadas,bakeries,198,4.3,3,2,-23.5681059122191,-46.6486743523506,2
92,Empório Amino,bakeries,106,3.5,2,2,-23.5681059122191,-46.6486743523506,2
187,Modi,restaurants,204,4.5,11,2,-23.5456065509866,-46.6570562938632,2
187,Roma Ristorante,restaurants,146,5.0,1,0,-23.5456065509866,-46.6570562938632,2
187,Buffet Menorá,restaurants,132,5.0,2,0,-23.5456065509866,-46.6570562938632,2
187,kalili,restaurants,142,3.0,1,0,-23.5456065509866,-46.6570562938632,2
615,Burguer king,restaurants,176,4.3,4,1,-23.59758,-46.67515,4
615,Restaurante Jaber,restaurants,211,4.0,1,1,-23.59758,-46.67515,4
615,Los Chefs,restaurants,149,3.0,1,3,-23.59758,-46.67515,4
169,Sevan,restaurants,161,4.0,1,0,-23.552657354472,-46.6423831739113,2
169,Panificadora Palma de Ouro,bakeries,179,3.8,10,2,-23.552657354472,-46.6423831739113,2
47,Dalmo Bárbaro,restaurants,88,5.0,1,3,-23.5787313776399,-46.6705247776249,9
47,Quinta da Gabriel,restaurants,97,3.0,1,0,-23.5787313776399,-46.6705247776249,9
47,Benjamin A Padaria,bakeries,74,2.5,2,0,-23.5787313776399,-46.6705247776249,9
136,Sancho Bar y Tapas,restaurants,172,4.2,51,2,-23.5563524,-46.6596949,1
136,Gopala Hari,restaurants,100,4.6,31,2,-23.5563524,-46.6596949,1
136,Athenas Café e Restaurante,restaurants,148,4.0,48,2,-23.5563524,-46.6596949,1
136,Urbe,restaurants,136,4.3,54,1,-23.5563524,-46.6596949,1
136,Tollocos,restaurants,68,3.7,20,2,-23.5563524,-46.6596949,1
136,Segredos de Minas,restaurants,136,4.1,15,2,-23.5563524,-46.6596949,1
136,America Burger - Paulista,restaurants,189,3.7,31,2,-23.5563524,-46.6596949,1
136,Maoz Vegetarian,restaurants,116,3.9,22,1,-23.5563524,-46.6596949,1
136,Gopala Madhava,restaurants,109,4.3,16,2,-23.5563524,-46.6596949,1
136,Saúde e Sabor Restaurante Vegetariano,restaurants,17,3.3,4,1,-23.5563524,-46.6596949,1
136,Fran's Café,coffee,261,3.1,10,2,-23.5563524,-46.6596949,1
136,Bella Paulista,bakeries,47,3.9,149,2,-23.5563524,-46.6596949,1
136,Ofner - Shopping Center 3,bakeries,130,5.0,2,2,-23.5563524,-46.6596949,1
136,Padaria Brasileira,bakeries,98,3.0,6,2,-23.5563524,-46.6596949,1
127,Museo Veronica,restaurants,21,4.3,14,2,-23.600369824627,-46.668921020279,1
127,Salvia,restaurants,21,4.0,1,0,-23.600369824627,-46.668921020279,1
127,Bou Tartineria,restaurants,31,4.0,1,0,-23.600369824627,-46.668921020279,1
127,Hitô,restaurants,92,4.3,3,3,-23.600369824627,-46.668921020279,1
127,Bronx SFS,restaurants,120,3.9,7,2,-23.600369824627,-46.668921020279,1
127,Boxixo Carioca,restaurants,143,3.6,8,2,-23.600369824627,-46.668921020279,1
127,BL6 Burger & Lamb,restaurants,238,5.0,2,1,-23.600369824627,-46.668921020279,1
127,"Shahiya Bistrot, Rotisserie e Catering",restaurants,133,3.0,2,2,-23.600369824627,-46.668921020279,1
127,Casa do Pão de Queijo - Moema,coffee,30,3.0,2,2,-23.600369824627,-46.668921020279,1
127,Dengosa de Moema,bakeries,213,4.0,2,2,-23.600369824627,-46.668921020279,1
593,Alpendre Burguer & Beer Pub,restaurants,6,4.0,4,3,-23.59439,-46.68433,12
593,Empório Ravioli,restaurants,48,4.3,3,4,-23.59439,-46.68433,12
593,HUB Food Art Lounge,restaurants,159,4.6,8,2,-23.59439,-46.68433,12
593,Trilha do Trigo,restaurants,18,3.5,2,2,-23.59439,-46.68433,12
593,Parrilla São José,restaurants,82,4.6,5,3,-23.59439,-46.68433,12
593,Restaurante Garam Massala,restaurants,36,3.0,1,2,-23.59439,-46.68433,12
593,Tantra,restaurants,150,3.5,15,3,-23.59439,-46.68433,12
593,Casa de Grelhados - Bassi,restaurants,245,4.7,3,3,-23.59439,-46.68433,12
593,Jow Sushi Bar,restaurants,81,3.3,6,2,-23.59439,-46.68433,12
593,Il Barista,coffee,194,2.5,2,3,-23.59439,-46.68433,12
593,Villa dos Pães,bakeries,117,4.0,2,2,-23.59439,-46.68433,12
196,Conceição Discos & Comes,restaurants,185,4.4,25,1,-23.5369791042457,-46.6541473967476,2
196,Sotero Cozinha Original,restaurants,160,3.6,11,2,-23.5369791042457,-46.6541473967476,2
196,Angélica Grill,restaurants,41,2.7,7,3,-23.5369791042457,-46.6541473967476,2
196,Bar e Lanches Joia do Mondego,restaurants,56,4.0,1,0,-23.5369791042457,-46.6541473967476,2
196,Bro Burger,restaurants,143,5.0,1,0,-23.5369791042457,-46.6541473967476,2
196,Mainiti,restaurants,137,4.0,1,0,-23.5369791042457,-46.6541473967476,2
196,Padaria e Confeitaria Palmeiras,restaurants,222,3.5,2,1,-23.5369791042457,-46.6541473967476,2
196,Padaria e Confeitaria Palmeiras,bakeries,222,3.5,2,1,-23.5369791042457,-46.6541473967476,2
414,Caxiri,restaurants,7,4.9,7,2,-23.56692,-46.69819,2
414,HM Food,restaurants,37,4.1,7,1,-23.56692,-46.69819,2
414,Tantra,restaurants,113,4.3,3,2,-23.56692,-46.69819,2
414,Comedoria,restaurants,126,4.4,5,1,-23.56692,-46.69819,2
414,Bar das Batidas,restaurants,182,3.8,12,1,-23.56692,-46.69819,2
414,Los Jappas,restaurants,129,4.0,2,1,-23.56692,-46.69819,2
414,Mussashino,restaurants,179,4.0,2,2,-23.56692,-46.69819,2
414,Kaminari Sushi,restaurants,175,5.0,1,2,-23.56692,-46.69819,2
414,Maria Farinha Cozinha,restaurants,189,4.0,1,0,-23.56692,-46.69819,2
176,Bar do Mané,restaurants,234,4.1,14,2,-23.547640346185,-46.6406185501522,13
176,Santinho,restaurants,262,4.8,4,0,-23.547640346185,-46.6406185501522,13
176,Paribar,restaurants,183,3.2,19,2,-23.547640346185,-46.6406185501522,13
176,Restaurante lcaparra,restaurants,76,5.0,1,0,-23.547640346185,-46.6406185501522,13
176,Nutrisom Restaurante Natural,restaurants,234,3.9,8,1,-23.547640346185,-46.6406185501522,13
176,Super Hot-Dog Usp,restaurants,234,4.8,4,2,-23.547640346185,-46.6406185501522,13
176,Pastel da praça,restaurants,187,4.7,3,1,-23.547640346185,-46.6406185501522,13
176,All About Cakes,bakeries,234,5.0,1,0,-23.547640346185,-46.6406185501522,13
176,Padaria Almeida,bakeries,97,2.0,2,0,-23.547640346185,-46.6406185501522,13
176,Bella Regente Padaria E Confeitaria,bakeries,234,2.0,2,0,-23.547640346185,-46.6406185501522,13
469,Sala da Sogra,restaurants,187,4.4,9,2,-23.6042263595434,-46.6369958975112,3
469,Joe Burger,restaurants,57,4.0,3,1,-23.6042263595434,-46.6369958975112,3
469,O Brazeiro,restaurants,125,3.7,15,2,-23.6042263595434,-46.6369958975112,3
469,Tortas da Corte,restaurants,153,4.0,1,1,-23.6042263595434,-46.6369958975112,3
469,Rotisserie do Bó,restaurants,158,4.0,1,0,-23.6042263595434,-46.6369958975112,3
469,Orient House,restaurants,156,3.0,1,2,-23.6042263595434,-46.6369958975112,3
469,Delícias do Moinho,bakeries,221,2.0,1,2,-23.6042263595434,-46.6369958975112,3
244,Panificadora Estrela do Butantã,restaurants,148,4.3,8,1,-23.570594,-46.707938,9
244,Trivial Pizzaria,restaurants,85,4.3,3,0,-23.570594,-46.707938,9
244,Savana - Churrascaria e Pizzaria,restaurants,60,4.0,1,2,-23.570594,-46.707938,9
244,Savana,restaurants,77,3.5,2,0,-23.570594,-46.707938,9
244,Bar do Mateus,restaurants,81,3.0,1,0,-23.570594,-46.707938,9
244,Sabor da Terra,restaurants,157,4.0,1,0,-23.570594,-46.707938,9
244,Dom Diego Bar e Petisco,restaurants,208,3.0,1,0,-23.570594,-46.707938,9
244,Panificadora Estrela do Butantã,bakeries,148,4.3,8,1,-23.570594,-46.707938,9
605,Kosushi,restaurants,39,3.8,6,3,-23.5856571,-46.6811568,11
605,Trattoria,restaurants,107,4.8,8,0,-23.5856571,-46.6811568,11
605,Tatu Bola Itaim,restaurants,159,3.8,15,2,-23.5856571,-46.6811568,11
605,Jamie's,restaurants,193,3.1,30,2,-23.5856571,-46.6811568,11
605,Millesapori Iguatemi,restaurants,24,3.0,1,2,-23.5856571,-46.6811568,11
605,The Fifties,restaurants,152,3.6,11,2,-23.5856571,-46.6811568,11
605,Marakuthai,restaurants,183,4.3,3,0,-23.5856571,-46.6811568,11
605,Viradouro Café,restaurants,40,3.0,2,0,-23.5856571,-46.6811568,11
605,Muuburger,restaurants,135,4.0,2,1,-23.5856571,-46.6811568,11
605,Dona Deola,bakeries,101,3.0,2,2,-23.5856571,-46.6811568,11
605,Di Cunto - Itaim Bibi,bakeries,89,1.0,1,0,-23.5856571,-46.6811568,11
9,Restaurante Manioca,restaurants,229,4.1,14,4,-23.575610896422,-46.6873608611159,7
9,Starbucks,restaurants,36,4.5,2,0,-23.575610896422,-46.6873608611159,7
9,Piselli Sud,restaurants,119,4.4,7,4,-23.575610896422,-46.6873608611159,7
9,Scuzzi Risoteria & Grill,restaurants,63,5.0,1,0,-23.575610896422,-46.6873608611159,7
9,Café Árabe,restaurants,137,4.2,5,2,-23.575610896422,-46.6873608611159,7
9,Viena,restaurants,110,4.1,7,1,-23.575610896422,-46.6873608611159,7
9,Le Jazz Brasserie - Shopping Center Iguatemi,restaurants,142,3.5,6,3,-23.575610896422,-46.6873608611159,7
9,Rodeio,restaurants,110,3.7,6,0,-23.575610896422,-46.6873608611159,7
9,Casa de Lanches Frevo,restaurants,110,4.0,1,2,-23.575610896422,-46.6873608611159,7
9,Arábia Express,restaurants,110,4.5,2,0,-23.575610896422,-46.6873608611159,7
9,PÃO - Padaria Artesanal Orgânica,bakeries,215,3.0,4,2,-23.575610896422,-46.6873608611159,7
103,Veríssimo Bar,restaurants,217,4.1,19,3,-23.6089863999008,-46.6944769361133,2
103,Maria Berrini,restaurants,31,2.6,5,2,-23.6089863999008,-46.6944769361133,2
103,Restaurante Marigot,restaurants,70,4.5,2,2,-23.6089863999008,-46.6944769361133,2
103,Le Bistrot Marcel,restaurants,103,5.0,1,4,-23.6089863999008,-46.6944769361133,2
103,Rizzo Goumert,restaurants,150,4.0,1,2,-23.6089863999008,-46.6944769361133,2
103,Ristorante La Pasta & Formaggio,restaurants,185,4.5,2,0,-23.6089863999008,-46.6944769361133,2
103,Pratus restaurante,restaurants,206,4.0,2,1,-23.6089863999008,-46.6944769361133,2
103,Officina,bakeries,266,4.3,3,2,-23.6089863999008,-46.6944769361133,2
101,Farrapos,restaurants,20,3.5,2,3,-23.6049435587906,-46.6949615662523,4
101,Rosa Gourmet,restaurants,45,4.0,2,1,-23.6049435587906,-46.6949615662523,4
101,Manai Gastronomia,restaurants,40,3.0,1,0,-23.6049435587906,-46.6949615662523,4
101,Villa Felice,restaurants,83,4.0,2,1,-23.6049435587906,-46.6949615662523,4
101,Sansão bar e Restaurante,restaurants,72,4.0,3,1,-23.6049435587906,-46.6949615662523,4
101,Odon,restaurants,30,3.0,1,0,-23.6049435587906,-46.6949615662523,4
101,Mosteiro Devakan,restaurants,66,4.0,1,0,-23.6049435587906,-46.6949615662523,4
101,Arbori,restaurants,152,4.0,2,2,-23.6049435587906,-46.6949615662523,4
101,Banana's Juice,restaurants,208,4.0,3,1,-23.6049435587906,-46.6949615662523,4
101,Dolce Perfetto Comércio Doces,bakeries,71,5.0,1,0,-23.6049435587906,-46.6949615662523,4
101,Uno e Due,bakeries,243,4.0,1,2,-23.6049435587906,-46.6949615662523,4
182,Green Pizzas,restaurants,91,4.0,1,1,-23.54910041,-46.64845066,4
182,Tabuleiro do Acarajé,restaurants,204,3.7,7,1,-23.54910041,-46.64845066,4
182,Bella Antônia Bar Pizza e Pastas,restaurants,194,4.0,1,1,-23.54910041,-46.64845066,4
182,Starbucks,restaurants,226,4.0,2,2,-23.54910041,-46.64845066,4
182,Café Antiquário Roosevelt,restaurants,207,3.5,2,0,-23.54910041,-46.64845066,4
182,Starbucks,coffee,226,4.0,2,2,-23.54910041,-46.64845066,4
182,Nova Guiné Paes e Doces,bakeries,168,3.0,1,0,-23.54910041,-46.64845066,4
620,Corleone Barbeer,restaurants,33,5.0,2,2,-23.5963789,-46.6793465,8
620,Açaí Original,restaurants,144,4.3,12,2,-23.5963789,-46.6793465,8
620,Pavão Bar e Restaurante,restaurants,36,4.5,2,0,-23.5963789,-46.6793465,8
620,Manjericão,restaurants,196,4.3,3,0,-23.5963789,-46.6793465,8
620,Barakah Cozinha Árabe,restaurants,233,4.3,3,1,-23.5963789,-46.6793465,8
620,La Piadina,restaurants,139,4.0,1,3,-23.5963789,-46.6793465,8
620,99 Bar,restaurants,121,1.0,1,0,-23.5963789,-46.6793465,8
620,Padaria Villa Imperial,bakeries,131,5.0,1,0,-23.5963789,-46.6793465,8
620,Pellegrino Pão & Arte,bakeries,193,4.0,1,2,-23.5963789,-46.6793465,8
153,Japa's,restaurants,45,5.0,1,0,-23.5604966383472,-46.6422656825963,4
153,Pedroso Esfiharia,restaurants,38,4.0,2,0,-23.5604966383472,-46.6422656825963,4
153,Mosaico Sanduberia,restaurants,120,4.0,2,1,-23.5604966383472,-46.6422656825963,4
153,Clã Destino,restaurants,185,5.0,1,0,-23.5604966383472,-46.6422656825963,4
153,Café Vitória,restaurants,237,5.0,1,1,-23.5604966383472,-46.6422656825963,4
406,Lamen Kazu,restaurants,175,4.3,51,2,-23.5561474,-46.63624180000001,6
406,Yamaga,restaurants,203,4.4,29,2,-23.5561474,-46.63624180000001,6
406,Porque Sim,restaurants,178,4.3,26,1,-23.5561474,-46.63624180000001,6
406,Espaço Kazu,restaurants,205,3.9,16,2,-23.5561474,-46.63624180000001,6
406,Tanka Asian Kitchen,restaurants,148,4.1,23,3,-23.5561474,-46.63624180000001,6
406,Yoka,restaurants,164,4.0,12,1,-23.5561474,-46.63624180000001,6
406,Sushi Yassu,restaurants,193,4.3,12,2,-23.5561474,-46.63624180000001,6
406,Momo,restaurants,163,4.1,13,1,-23.5561474,-46.63624180000001,6
406,Chi Fu,restaurants,200,3.8,40,2,-23.5561474,-46.63624180000001,6
406,Kintaro,restaurants,175,4.4,10,1,-23.5561474,-46.63624180000001,6
406,89ºC Coffee Station,coffee,132,4.8,9,2,-23.5561474,-46.63624180000001,6
406,Bakery Itiriki,bakeries,139,3.6,17,2,-23.5561474,-46.63624180000001,6
406,Doceria Alteza,bakeries,114,4.2,6,1,-23.5561474,-46.63624180000001,6
71,Joy Juice,restaurants,22,4.7,11,1,-23.5699175975531,-46.6596995408145,5
71,Bolado's Sucos,restaurants,30,3.9,9,1,-23.5699175975531,-46.6596995408145,5
71,Tatini,restaurants,160,4.8,14,3,-23.5699175975531,-46.6596995408145,5
71,La Peruana Cevichería,restaurants,223,4.8,20,2,-23.5699175975531,-46.6596995408145,5
71,Lil' Square,restaurants,77,3.2,9,1,-23.5699175975531,-46.6596995408145,5
71,Zurich Bar e Restaurante,restaurants,22,3.3,4,2,-23.5699175975531,-46.6596995408145,5
71,Sushimar,restaurants,213,3.9,11,3,-23.5699175975531,-46.6596995408145,5
71,Rosima,restaurants,206,4.3,8,2,-23.5699175975531,-46.6596995408145,5
71,Trattoria do Sargento,restaurants,183,4.0,9,2,-23.5699175975531,-46.6596995408145,5
71,Duas Terezas,restaurants,93,4.5,2,0,-23.5699175975531,-46.6596995408145,5
71,Kamzu Cookie Shop,coffee,93,5.0,3,0,-23.5699175975531,-46.6596995408145,5
71,Delícias Colméia,bakeries,191,5.0,1,1,-23.5699175975531,-46.6596995408145,5
444,Stalleiro Grill,restaurants,102,4.0,1,1,-23.5317430614974,-46.6591867859776,5
444,Falando Grego,restaurants,140,4.0,1,0,-23.5317430614974,-46.6591867859776,5
444,La Misión,restaurants,225,4.0,1,0,-23.5317430614974,-46.6591867859776,5
175,Jiquitaia Bar & Restaurante,restaurants,146,4.4,37,3,-23.5579898497291,-46.6579877600663,1
175,Spot,restaurants,130,4.2,46,3,-23.5579898497291,-46.6579877600663,1
175,Athenas Café e Restaurante,restaurants,178,4.0,48,2,-23.5579898497291,-46.6579877600663,1
175,Starbucks,restaurants,138,3.9,17,1,-23.5579898497291,-46.6579877600663,1
175,Maoz Vegetarian,restaurants,146,3.9,22,1,-23.5579898497291,-46.6579877600663,1
175,Mate Por Favor,restaurants,152,4.6,10,1,-23.5579898497291,-46.6579877600663,1
175,O Pedaço da Pizza,restaurants,163,4.1,16,1,-23.5579898497291,-46.6579877600663,1
175,Tollocos,restaurants,188,3.7,20,2,-23.5579898497291,-46.6579877600663,1
175,Paulista Burger,restaurants,153,3.5,17,2,-23.5579898497291,-46.6579877600663,1
175,FREVO,restaurants,144,3.3,15,2,-23.5579898497291,-46.6579877600663,1
175,Rei do Mate,coffee,167,4.0,2,1,-23.5579898497291,-46.6579877600663,1
175,Café do Ponto,coffee,152,4.5,2,2,-23.5579898497291,-46.6579877600663,1
175,Empório Arte Nata,bakeries,75,4.0,1,2,-23.5579898497291,-46.6579877600663,1
175,Ofner - Shopping Center 3,bakeries,156,5.0,2,2,-23.5579898497291,-46.6579877600663,1
175,Manteigaria Lisboa,bakeries,246,3.6,7,1,-23.5579898497291,-46.6579877600663,1
175,Padaria Brasileira,bakeries,173,3.0,6,2,-23.5579898497291,-46.6579877600663,1
523,Bardega,restaurants,152,4.7,18,3,-23.5912197048481,-46.6771228501369,6
523,Zumba da Carne de Sol,restaurants,10,4.0,1,0,-23.5912197048481,-46.6771228501369,6
523,Boston Bakery,restaurants,97,3.6,24,2,-23.5912197048481,-46.6771228501369,6
523,Brodo Rosticceria,restaurants,255,4.7,3,2,-23.5912197048481,-46.6771228501369,6
523,Pibus Hamburger,restaurants,198,3.2,6,2,-23.5912197048481,-46.6771228501369,6
523,Nattu,restaurants,233,1.8,5,3,-23.5912197048481,-46.6771228501369,6
523,Boston Bakery,bakeries,97,3.6,24,2,-23.5912197048481,-46.6771228501369,6
523,Natural da Terra,bakeries,207,4.0,1,0,-23.5912197048481,-46.6771228501369,6
569,Veloso Bar,restaurants,194,4.2,114,2,-23.58681,-46.63469,0
569,Estação 45 Pizzaria,restaurants,53,1.0,1,0,-23.58681,-46.63469,0
569,Pedacinho do Nordeste,restaurants,233,5.0,1,1,-23.58681,-46.63469,0
394,Hot-Dog Usp,restaurants,247,5.0,1,1,-23.55981663388075,-46.72268965684082,18
394,Hot Dog da Malú,restaurants,156,4.0,1,0,-23.55981663388075,-46.72268965684082,18
394,Uspão,bakeries,247,1.8,6,0,-23.55981663388075,-46.72268965684082,18
351,Daiki Sushi,restaurants,144,4.8,4,0,-23.59211,-46.64664,5
351,Forno da Vila,restaurants,186,3.0,1,0,-23.59211,-46.64664,5
120,Praça São Lourenço,restaurants,129,4.3,18,3,-23.5997736418236,-46.6795527222334,12
120,Mexicaníssimo,restaurants,195,3.5,14,2,-23.5997736418236,-46.6795527222334,12
120,Portucale,restaurants,150,4.5,2,3,-23.5997736418236,-46.6795527222334,12
120,Tabuleiro do Marconi,restaurants,125,3.3,3,2,-23.5997736418236,-46.6795527222334,12
120,456 Bar e Lanchonete,restaurants,177,4.0,1,0,-23.5997736418236,-46.6795527222334,12
120,Panificadora Santa Olímpia,bakeries,165,3.0,2,0,-23.5997736418236,-46.6795527222334,12
144,Trattoria,restaurants,21,4.8,8,0,-23.586778592564983,-46.681167822723374,20
144,Jamie's,restaurants,123,3.1,30,2,-23.586778592564983,-46.681167822723374,20
144,Tatu Bola Itaim,restaurants,172,3.8,15,2,-23.586778592564983,-46.681167822723374,20
144,Kosushi,restaurants,143,3.8,6,3,-23.586778592564983,-46.681167822723374,20
144,Muuburger,restaurants,149,4.0,2,1,-23.586778592564983,-46.681167822723374,20
144,Supra di Mauro Maia,restaurants,241,5.0,1,0,-23.586778592564983,-46.681167822723374,20
144,Arrumadinho do Itaim,restaurants,103,4.0,1,0,-23.586778592564983,-46.681167822723374,20
144,Deli Deli,restaurants,218,4.3,3,0,-23.586778592564983,-46.681167822723374,20
144,Yabany,restaurants,104,2.0,4,2,-23.586778592564983,-46.681167822723374,20
144,Dona Deola,bakeries,74,3.0,2,2,-23.586778592564983,-46.681167822723374,20
510,Jaber,restaurants,68,5.0,1,0,-23.6063581937549,-46.658132680469,6
510,1900 Pizzeria Moema,restaurants,194,4.2,6,2,-23.6063581937549,-46.658132680469,6
510,Grand Cru,restaurants,177,4.3,3,3,-23.6063581937549,-46.658132680469,6
510,Jaber Esecialidades Árabes,restaurants,68,4.0,1,0,-23.6063581937549,-46.658132680469,6
510,Hidden by 2nd Floor,restaurants,163,4.0,1,0,-23.6063581937549,-46.658132680469,6
510,Santa Micaela,restaurants,199,4.7,3,1,-23.6063581937549,-46.658132680469,6
510,Moa Café,restaurants,199,5.0,1,0,-23.6063581937549,-46.658132680469,6
510,Pastelatto,restaurants,145,5.0,1,0,-23.6063581937549,-46.658132680469,6
510,Santa Micaela,bakeries,199,4.7,3,1,-23.6063581937549,-46.658132680469,6
223,Doce & Cia.,restaurants,10,4.3,4,2,-23.5620789029004,-46.6871566756018,2
223,Pastel da Maria,restaurants,38,4.4,8,2,-23.5620789029004,-46.6871566756018,2
223,Suri Ceviche Bar,restaurants,139,4.1,29,3,-23.5620789029004,-46.6871566756018,2
223,Maha Mantra,restaurants,221,4.6,13,2,-23.5620789029004,-46.6871566756018,2
223,Escondidinho da Amada,restaurants,202,4.7,6,2,-23.5620789029004,-46.6871566756018,2
223,Feijão Mágico,restaurants,154,4.1,9,1,-23.5620789029004,-46.6871566756018,2
223,Yokozuna,restaurants,259,3.7,12,2,-23.5620789029004,-46.6871566756018,2
223,Bar do Baixo,restaurants,159,4.5,2,1,-23.5620789029004,-46.6871566756018,2
223,Rest e Lanch Terra,restaurants,72,3.0,1,1,-23.5620789029004,-46.6871566756018,2
223,Doce & Cia.,bakeries,10,4.3,4,2,-23.5620789029004,-46.6871566756018,2
223,Padaria Sensação,bakeries,129,3.6,7,2,-23.5620789029004,-46.6871566756018,2
223,Formigão,bakeries,136,4.0,1,0,-23.5620789029004,-46.6871566756018,2
223,Padaria Madalena,bakeries,171,3.0,2,2,-23.5620789029004,-46.6871566756018,2
129,Tony Roma's,restaurants,53,3.3,15,3,-23.603478,-46.664001,0
129,Speranza,restaurants,150,4.1,10,2,-23.603478,-46.664001,0
129,Aoyama,restaurants,91,3.8,17,3,-23.603478,-46.664001,0
129,Restaurante Koban,restaurants,228,3.8,13,2,-23.603478,-46.664001,0
129,Applebee's Grill + Bar,restaurants,127,3.2,14,2,-23.603478,-46.664001,0
129,Rinconcito Peruano,restaurants,168,4.1,7,2,-23.603478,-46.664001,0
129,Starbucks,restaurants,119,4.3,3,2,-23.603478,-46.664001,0
129,Vila Conte,restaurants,189,4.0,1,2,-23.603478,-46.664001,0
129,LM09,restaurants,194,4.5,2,2,-23.603478,-46.664001,0
129,La Glória Pizza Bar,restaurants,196,4.1,8,3,-23.603478,-46.664001,0
129,Chocolates Genebra,coffee,196,3.0,2,3,-23.603478,-46.664001,0
129,Oba Hortifruti,bakeries,192,4.0,1,3,-23.603478,-46.664001,0
193,Panificadora Estrela do Butantã,restaurants,174,4.3,8,1,-23.569908843225,-46.7080343523465,3
193,Trivial Pizzaria,restaurants,157,4.3,3,0,-23.569908843225,-46.7080343523465,3
193,Savana - Churrascaria e Pizzaria,restaurants,136,4.0,1,2,-23.569908843225,-46.7080343523465,3
193,Bar do Mateus,restaurants,89,3.0,1,0,-23.569908843225,-46.7080343523465,3
193,Savana,restaurants,151,3.5,2,0,-23.569908843225,-46.7080343523465,3
193,Sabor da Terra,restaurants,226,4.0,1,0,-23.569908843225,-46.7080343523465,3
193,Panificadora Estrela do Butantã,bakeries,174,4.3,8,1,-23.569908843225,-46.7080343523465,3
409,Pepe Nero,restaurants,53,5.0,1,0,-23.6064909,-46.663251,3
409,La Glória Pizza Bar,restaurants,213,4.1,8,3,-23.6064909,-46.663251,3
409,Don Pepe Di Nápoli,restaurants,172,4.5,2,3,-23.6064909,-46.663251,3
409,Umi Sushiya,restaurants,227,4.0,1,0,-23.6064909,-46.663251,3
409,Restaurante Asher,restaurants,259,4.5,2,0,-23.6064909,-46.663251,3
409,Croasonho,coffee,172,4.2,10,2,-23.6064909,-46.663251,3
409,Croasonho,bakeries,172,4.2,10,2,-23.6064909,-46.663251,3
409,Oba Hortifruti,bakeries,223,4.0,1,3,-23.6064909,-46.663251,3
225,Boulangerie Pâtisserie Chez Mona,bakeries,184,4.3,7,2,-23.5687716945858,-46.6841990407743,4
410,Holy Burger,restaurants,58,4.1,30,1,-23.546229818994608,-46.64839843168885,4
410,Fôrno,restaurants,29,4.8,4,0,-23.546229818994608,-46.64839843168885,4
410,Takkø Café,restaurants,126,4.3,26,1,-23.546229818994608,-46.64839843168885,4
410,Comedoria SESC Consolação,restaurants,188,4.4,7,1,-23.546229818994608,-46.64839843168885,4
410,Bia Hoi SP Vietpub,restaurants,166,3.8,6,2,-23.546229818994608,-46.64839843168885,4
410,Tertulia,restaurants,147,5.0,1,2,-23.546229818994608,-46.64839843168885,4
410,Tabuleiro do Acarajé,restaurants,132,3.7,7,1,-23.546229818994608,-46.64839843168885,4
410,Bella Antônia Bar Pizza e Pastas,restaurants,172,4.0,1,1,-23.546229818994608,-46.64839843168885,4
410,Jardin Plantas e Flores,restaurants,204,5.0,2,0,-23.546229818994608,-46.64839843168885,4
410,Confeitaria Little,coffee,196,5.0,1,1,-23.546229818994608,-46.64839843168885,4
410,Cafeteria Viver,coffee,215,3.0,1,0,-23.546229818994608,-46.64839843168885,4
410,Confeitaria Little,bakeries,196,5.0,1,1,-23.546229818994608,-46.64839843168885,4
410,Nova Guiné Paes e Doces,bakeries,178,3.0,1,0,-23.546229818994608,-46.64839843168885,4
335,Grão Espresso Brooklin,restaurants,17,5.0,1,0,-23.6106846259976,-46.6859131865383,0
335,Original Burger,restaurants,21,3.0,2,2,-23.6106846259976,-46.6859131865383,0
335,Bonap,restaurants,10,2.5,2,0,-23.6106846259976,-46.6859131865383,0
335,The Old Cut Barber Shop,restaurants,169,5.0,1,0,-23.6106846259976,-46.6859131865383,0
335,Grão Espresso Brooklin,coffee,17,5.0,1,0,-23.6106846259976,-46.6859131865383,0
146,Vista Café,restaurants,137,4.5,2,1,-23.588615386971195,-46.65265270967836,6
146,Vista Restaurante,restaurants,137,3.7,7,0,-23.588615386971195,-46.65265270967836,6
151,Nova Era Choperia,restaurants,154,2.7,6,2,-23.5697804473938,-46.6399782950921,3
151,Kantinho do Pão de queijo,restaurants,140,4.0,1,0,-23.5697804473938,-46.6399782950921,3
151,Churrascaria Novilho de Prata-Paraiso,restaurants,210,3.0,1,0,-23.5697804473938,-46.6399782950921,3
473,Starbucks,restaurants,170,4.0,2,2,-23.5490344,-46.6516461,0
473,Starbucks,coffee,170,4.0,2,2,-23.5490344,-46.6516461,0
220,Meats,restaurants,30,3.9,64,2,-23.56482,-46.68104,5
220,Le Jazz Brasserie,restaurants,35,4.3,21,3,-23.56482,-46.68104,5
220,bra.do Restaurante,restaurants,45,4.3,25,2,-23.56482,-46.68104,5
220,Cantina Gigio,restaurants,70,4.4,30,2,-23.56482,-46.68104,5
220,Choperia São Paulo,restaurants,32,3.9,10,2,-23.56482,-46.68104,5
220,Maní,restaurants,219,4.3,68,4,-23.56482,-46.68104,5
220,Z Deli Sandwich,restaurants,212,4.4,50,2,-23.56482,-46.68104,5
220,El Mariachi,restaurants,129,3.7,24,2,-23.56482,-46.68104,5
220,Piccolo,restaurants,26,5.0,2,0,-23.56482,-46.68104,5
220,Fração da Pizza,restaurants,179,4.1,11,3,-23.56482,-46.68104,5
220,The Gourmet Tea,coffee,177,5.0,1,3,-23.56482,-46.68104,5
220,Manteigaria Lisboa,bakeries,6,2.0,1,0,-23.56482,-46.68104,5
220,Petit Four Hand Made Cookies,bakeries,184,4.0,1,0,-23.56482,-46.68104,5
12,Comedoria Gonzales,restaurants,111,4.1,22,1,-23.5661641536793,-46.6939591666242,3
12,Sweet Pimenta,restaurants,54,3.3,3,0,-23.5661641536793,-46.6939591666242,3
12,Sukiya,restaurants,161,4.4,5,1,-23.5661641536793,-46.6939591666242,3
12,Napoli Centrale,restaurants,173,4.5,8,1,-23.5661641536793,-46.6939591666242,3
12,MICA,restaurants,193,4.3,7,0,-23.5661641536793,-46.6939591666242,3
12,Mocotó Café,restaurants,139,4.0,5,2,-23.5661641536793,-46.6939591666242,3
12,Yashiro,restaurants,141,3.6,7,3,-23.5661641536793,-46.6939591666242,3
12,Restaurante Asahi,restaurants,159,5.0,2,1,-23.5661641536793,-46.6939591666242,3
12,4eat,restaurants,191,2.0,4,2,-23.5661641536793,-46.6939591666242,3
12,Sweet Pimenta,coffee,54,3.3,3,0,-23.5661641536793,-46.6939591666242,3
23,Baruk,restaurants,276,4.2,6,2,-23.5939175701022,-46.6912681158608,6
23,The Fifties,restaurants,194,3.4,5,2,-23.5939175701022,-46.6912681158608,6
23,Restaurante Trio,restaurants,226,4.0,2,3,-23.5939175701022,-46.6912681158608,6
23,Wendy's,restaurants,125,3.4,5,1,-23.5939175701022,-46.6912681158608,6
23,Hortelã Bomboniere,bakeries,133,4.0,1,1,-23.5939175701022,-46.6912681158608,6
582,Le Cucine di Eataly,restaurants,108,3.8,5,2,-23.59031,-46.68351,17
582,Tapiocaria,restaurants,112,4.0,1,0,-23.59031,-46.68351,17
582,Noah Espaço Faria Lima,restaurants,175,5.0,1,2,-23.59031,-46.68351,17
582,Bistecca,restaurants,119,4.0,1,0,-23.59031,-46.68351,17
582,Vista Café,restaurants,112,4.0,2,3,-23.59031,-46.68351,17
582,Brace Bar e Griglia,restaurants,113,4.5,2,0,-23.59031,-46.68351,17
582,Coffee Break,restaurants,209,5.0,1,2,-23.59031,-46.68351,17
582,Caffè Vergnano,coffee,112,4.0,2,0,-23.59031,-46.68351,17
452,Bráz,restaurants,170,4.4,18,3,-23.59828,-46.67307,9
452,Burguer king,restaurants,51,4.3,4,1,-23.59828,-46.67307,9
452,Jambu,restaurants,155,2.5,2,2,-23.59828,-46.67307,9
452,Forma de Pudim,bakeries,103,5.0,1,1,-23.59828,-46.67307,9
619,Manish Restaurante,restaurants,123,4.4,9,2,-23.5877136,-46.68513230000001,15
619,Espírito Santo,restaurants,56,3.7,6,3,-23.5877136,-46.68513230000001,15
619,Sassá Sushi,restaurants,59,3.8,9,3,-23.5877136,-46.68513230000001,15
619,Sallvattore,restaurants,87,4.3,6,3,-23.5877136,-46.68513230000001,15
619,"JAM - Japanese Food, Arts & Music",restaurants,199,4.7,6,3,-23.5877136,-46.68513230000001,15
619,Torero Valese,restaurants,141,4.0,11,3,-23.5877136,-46.68513230000001,15
619,Spazio Gastronômico,restaurants,89,2.7,3,2,-23.5877136,-46.68513230000001,15
619,Giardini Buffet,restaurants,150,3.5,2,2,-23.5877136,-46.68513230000001,15
619,Empório Itaim,bakeries,210,3.5,2,2,-23.5877136,-46.68513230000001,15
40,Joakin's Hamburger,restaurants,61,3.9,29,2,-23.5836480572258,-46.6720676960475,8
40,Paco Esfiha,restaurants,34,4.0,6,1,-23.5836480572258,-46.6720676960475,8
40,New Dog,restaurants,50,3.4,20,2,-23.5836480572258,-46.6720676960475,8
40,Temakeria & Cia,restaurants,122,4.1,16,2,-23.5836480572258,-46.6720676960475,8
40,Aze Sushi,restaurants,221,4.7,7,4,-23.5836480572258,-46.6720676960475,8
40,Caffé Floriano,restaurants,21,3.3,3,1,-23.5836480572258,-46.6720676960475,8
40,Hecho En México,restaurants,186,3.5,26,2,-23.5836480572258,-46.6720676960475,8
40,Kebaberia,restaurants,40,2.3,4,3,-23.5836480572258,-46.6720676960475,8
40,Sí Señor,restaurants,174,3.3,13,2,-23.5836480572258,-46.6720676960475,8
40,Açaidera,restaurants,24,3.0,1,1,-23.5836480572258,-46.6720676960475,8
40,Pane D'itaim,bakeries,45,3.0,4,2,-23.5836480572258,-46.6720676960475,8
48,Barbacoa,restaurants,179,4.4,46,4,-23.5795039033974,-46.6732522004535,5
48,Sarumon,restaurants,168,4.8,8,2,-23.5795039033974,-46.6732522004535,5
48,Gusto,restaurants,161,4.0,1,3,-23.5795039033974,-46.6732522004535,5
48,Renato 167,restaurants,129,4.0,1,0,-23.5795039033974,-46.6732522004535,5
48,Vivacci Refeições,restaurants,160,4.0,1,0,-23.5795039033974,-46.6732522004535,5
48,Arabie,restaurants,177,4.0,2,0,-23.5795039033974,-46.6732522004535,5
48,A Chapa,restaurants,194,3.0,6,0,-23.5795039033974,-46.6732522004535,5
48,Gastroarte,restaurants,152,5.0,1,0,-23.5795039033974,-46.6732522004535,5
48,Bienal,bakeries,202,2.8,4,3,-23.5795039033974,-46.6732522004535,5
564,Monte Vero Itaim,restaurants,65,4.1,9,2,-23.5942,-46.67398,0
564,Hi Pin Shan,restaurants,37,3.7,7,0,-23.5942,-46.67398,0
564,Ruella,restaurants,126,4.3,18,3,-23.5942,-46.67398,0
564,Marie-Madeleine Boutique Gourmet,restaurants,110,4.7,3,0,-23.5942,-46.67398,0
564,Brodo Rosticceria,restaurants,207,4.7,3,2,-23.5942,-46.67398,0
564,Bar da Villa,restaurants,110,4.0,1,1,-23.5942,-46.67398,0
564,Bolos do Frei,restaurants,204,4.5,2,1,-23.5942,-46.67398,0
564,Small Talk Café,restaurants,202,4.5,2,2,-23.5942,-46.67398,0
564,Bolos do Frei,coffee,204,4.5,2,1,-23.5942,-46.67398,0
10,Baked Potato,restaurants,23,4.0,1,0,-23.5746792860054,-46.6893026745285,7
10,Mãe Floresta,restaurants,49,4.0,1,1,-23.5746792860054,-46.6893026745285,7
10,Café Árabe,restaurants,122,4.2,5,2,-23.5746792860054,-46.6893026745285,7
10,Bricius,restaurants,56,5.0,1,0,-23.5746792860054,-46.6893026745285,7
10,All Tribes Burguer & Dog,restaurants,152,5.0,1,1,-23.5746792860054,-46.6893026745285,7
10,Starbucks,restaurants,187,4.5,2,0,-23.5746792860054,-46.6893026745285,7
10,A Quinta do Marques,bakeries,133,4.6,5,2,-23.5746792860054,-46.6893026745285,7
465,Maní,restaurants,244,4.3,68,4,-23.5645330138706,-46.6780573829128,2
465,Z Deli Sandwich,restaurants,123,4.4,50,2,-23.5645330138706,-46.6780573829128,2
465,Bovinu's,restaurants,195,4.5,21,3,-23.5645330138706,-46.6780573829128,2
465,Restaurante Hideki,restaurants,98,3.4,15,3,-23.5645330138706,-46.6780573829128,2
465,Cafe Cachaça & Cia,restaurants,166,5.0,2,1,-23.5645330138706,-46.6780573829128,2
465,Pizza Hut,restaurants,123,3.7,7,2,-23.5645330138706,-46.6780573829128,2
465,Mercearia do Conde,restaurants,278,4.3,6,3,-23.5645330138706,-46.6780573829128,2
465,Jun Sakamoto,restaurants,153,4.0,8,4,-23.5645330138706,-46.6780573829128,2
465,Bar General,restaurants,160,3.7,7,2,-23.5645330138706,-46.6780573829128,2
465,Nilo Esfihas,restaurants,192,4.0,4,0,-23.5645330138706,-46.6780573829128,2
465,Petit Four Hand Made Cookies,bakeries,177,4.0,1,0,-23.5645330138706,-46.6780573829128,2
468,Ponto Chic Perdizes,restaurants,71,3.7,6,2,-23.5312748251908,-46.6630801969376,4
468,Quem Quer Pão 75,restaurants,122,5.0,2,0,-23.5312748251908,-46.6630801969376,4
468,Pizza Na Roça,restaurants,203,3.0,1,3,-23.5312748251908,-46.6630801969376,4
468,Brioche Brasil,bakeries,113,5.0,1,1,-23.5312748251908,-46.6630801969376,4
391,Barraquinha da Sociais,restaurants,196,4.7,3,0,-23.564559,-46.723564,2
391,Restaurante da História e Geografia,restaurants,149,2.5,2,0,-23.564559,-46.723564,2
391,Scooby Dog,restaurants,149,3.0,1,0,-23.564559,-46.723564,2
578,Negroni,restaurants,41,4.5,13,3,-23.55977,-46.69695,8
578,Vinil Burger,restaurants,34,4.3,31,1,-23.55977,-46.69695,8
578,Pirajá,restaurants,56,4.0,22,2,-23.55977,-46.69695,8
578,Nou Restaurante,restaurants,197,4.1,19,3,-23.55977,-46.69695,8
578,Oui,restaurants,44,4.2,6,3,-23.55977,-46.69695,8
578,Più,restaurants,126,4.6,10,4,-23.55977,-46.69695,8
578,Pellegrini Pasta & Pizza,restaurants,27,5.0,1,0,-23.55977,-46.69695,8
578,NB Steak,restaurants,123,4.7,9,4,-23.55977,-46.69695,8
578,Vila das Meninas,restaurants,138,4.9,7,2,-23.55977,-46.69695,8
578,Pirajá,restaurants,58,5.0,1,0,-23.55977,-46.69695,8
578,La Girandola,coffee,24,4.7,3,2,-23.55977,-46.69695,8
578,Brigadeiro Doceria & Café,coffee,108,4.5,11,2,-23.55977,-46.69695,8
578,Bolo à Toa - Pinheiros,coffee,95,4.7,3,2,-23.55977,-46.69695,8
578,Pandan,bakeries,157,5.0,1,0,-23.55977,-46.69695,8
578,Confeitaria Dama,bakeries,179,4.3,4,4,-23.55977,-46.69695,8
578,Padaria Classic Bread and Grill,bakeries,192,3.3,3,2,-23.55977,-46.69695,8
325,Lanchonete Dois Passarinhos,restaurants,14,4.0,1,0,-23.6042556584336,-46.6742727797395,2
325,Buffet Trick Or Treat,restaurants,205,5.0,1,0,-23.6042556584336,-46.6742727797395,2
325,Cantina do Marinheiro,restaurants,156,5.0,1,0,-23.6042556584336,-46.6742727797395,2
325,Bella Antonia,bakeries,270,4.5,4,1,-23.6042556584336,-46.6742727797395,2
325,Emporium São Paulo,bakeries,104,3.7,3,3,-23.6042556584336,-46.6742727797395,2
77,Micaela,restaurants,40,4.5,23,2,-23.570389641893,-46.6553101677443,1
77,Veridiana,restaurants,236,4.4,16,3,-23.570389641893,-46.6553101677443,1
77,St. Louis Burgers,restaurants,134,4.4,31,2,-23.570389641893,-46.6553101677443,1
77,Orange,restaurants,188,4.3,12,1,-23.570389641893,-46.6553101677443,1
77,Benjamin,restaurants,54,1.0,1,0,-23.570389641893,-46.6553101677443,1
77,212 Burger,restaurants,169,4.2,9,2,-23.570389641893,-46.6553101677443,1
77,Pizzeria e Wine Bar Prestissimo,restaurants,114,3.0,2,3,-23.570389641893,-46.6553101677443,1
77,Creperie,restaurants,176,4.3,4,0,-23.570389641893,-46.6553101677443,1
77,Mini Bueno,restaurants,176,4.5,2,0,-23.570389641893,-46.6553101677443,1
77,2nd House,restaurants,190,5.0,1,0,-23.570389641893,-46.6553101677443,1
77,Adora Doces,coffee,139,3.5,2,2,-23.570389641893,-46.6553101677443,1
77,Benjamin,bakeries,54,1.0,1,0,-23.570389641893,-46.6553101677443,1
44,Sabor do Tempero,restaurants,151,5.0,1,0,-23.5786981592082,-46.6601881480506,13
598,A Casa do Porco Bar,restaurants,154,4.5,85,3,-23.5448,-46.64624,7
598,Bar da Dona Onça,restaurants,257,3.9,64,3,-23.5448,-46.64624,7
598,La Central,restaurants,244,3.9,29,3,-23.5448,-46.64624,7
598,JazzB,restaurants,134,4.8,9,2,-23.5448,-46.64624,7
598,Boi na Brasa,restaurants,121,3.8,12,2,-23.5448,-46.64624,7
598,Z Deli Sandwich Shop,restaurants,62,5.0,1,0,-23.5448,-46.64624,7
598,Bar Amigo Leal,restaurants,216,4.3,4,2,-23.5448,-46.64624,7
598,Bia Hoi SP Vietpub,restaurants,193,3.8,6,2,-23.5448,-46.64624,7
598,Carlino,restaurants,150,4.0,2,3,-23.5448,-46.64624,7
598,Santa Efigênia,restaurants,244,3.4,9,1,-23.5448,-46.64624,7
598,Cafeteria Viver,coffee,78,3.0,1,0,-23.5448,-46.64624,7
598,Santa Efigênia,bakeries,244,3.4,9,1,-23.5448,-46.64624,7
598,Panificadora Vila Buarque,bakeries,115,3.0,1,1,-23.5448,-46.64624,7
234,Più,restaurants,231,4.6,10,4,-23.5587771000465,-46.699386022988,14
234,Teus Restaurante Bar,restaurants,105,4.3,6,2,-23.5587771000465,-46.699386022988,14
234,Sailor Burger & Steakhouse,restaurants,136,4.2,5,2,-23.5587771000465,-46.699386022988,14
234,Bráz,restaurants,165,3.5,11,3,-23.5587771000465,-46.699386022988,14
234,Ruella Bistrô,restaurants,158,3.9,10,4,-23.5587771000465,-46.699386022988,14
234,Forquilha,restaurants,143,4.7,3,0,-23.5587771000465,-46.699386022988,14
234,Manish,restaurants,234,4.3,3,2,-23.5587771000465,-46.699386022988,14
20,Milk & Mellow Burgers,restaurants,232,3.8,12,2,-23.58399393492445,-46.689837707270826,4
20,Almanara,restaurants,132,4.2,5,2,-23.58399393492445,-46.689837707270826,4
20,Cristal,restaurants,86,3.5,4,0,-23.58399393492445,-46.689837707270826,4
115,Fogo de Chão,restaurants,224,4.2,32,4,-23.6001574646657,-46.6894766023497,3
115,Kobu Sushi,restaurants,31,4.3,3,0,-23.6001574646657,-46.6894766023497,3
115,Pomar Restaurante,restaurants,14,4.0,1,1,-23.6001574646657,-46.6894766023497,3
115,Lanchonete Sabor da Esquina,restaurants,90,5.0,1,0,-23.6001574646657,-46.6894766023497,3
115,Merkadoshow,restaurants,277,5.0,1,2,-23.6001574646657,-46.6894766023497,3
115,Mostarda Grill,restaurants,214,3.0,1,1,-23.6001574646657,-46.6894766023497,3
50,L'Entrecôte de Paris,restaurants,28,4.8,5,3,-23.582404103589724,-46.68139126722924,12
50,Due Cuochi Cucina,restaurants,196,4.3,27,3,-23.582404103589724,-46.68139126722924,12
50,Le Bife,restaurants,50,4.0,8,3,-23.582404103589724,-46.68139126722924,12
50,Osaka,restaurants,229,4.3,12,4,-23.582404103589724,-46.68139126722924,12
50,Freddy,restaurants,25,4.0,3,3,-23.582404103589724,-46.68139126722924,12
50,Ohka,restaurants,148,4.8,17,4,-23.582404103589724,-46.68139126722924,12
50,Mello & Mellão,restaurants,44,4.5,2,0,-23.582404103589724,-46.68139126722924,12
50,Modern Mamma Osteria,restaurants,166,4.5,11,0,-23.582404103589724,-46.68139126722924,12
50,Pizzaria Carcamano,restaurants,35,4.0,2,2,-23.582404103589724,-46.68139126722924,12
50,Befresh,restaurants,158,4.6,8,2,-23.582404103589724,-46.68139126722924,12
50,Santo Grão,coffee,121,4.2,19,3,-23.582404103589724,-46.68139126722924,12
50,Le Vin Bistro & Patisserie,bakeries,101,4.4,5,3,-23.582404103589724,-46.68139126722924,12
50,Le Pain Quotidien,bakeries,61,3.2,9,2,-23.582404103589724,-46.68139126722924,12
50,Saint Germain,bakeries,185,5.0,1,3,-23.582404103589724,-46.68139126722924,12
538,Açaí Original,restaurants,247,4.3,12,2,-23.595770102430063,-46.680116396789536,3
538,Enoteca Saint Vin Saint,restaurants,196,5.0,6,3,-23.595770102430063,-46.680116396789536,3
538,Barakah Cozinha Árabe,restaurants,132,4.3,3,1,-23.595770102430063,-46.680116396789536,3
538,Manjericão,restaurants,180,4.3,3,0,-23.595770102430063,-46.680116396789536,3
538,Corleone Barbeer,restaurants,130,5.0,2,2,-23.595770102430063,-46.680116396789536,3
538,La Piadina,restaurants,150,4.0,1,3,-23.595770102430063,-46.680116396789536,3
538,Pavão Bar e Restaurante,restaurants,139,4.5,2,0,-23.595770102430063,-46.680116396789536,3
538,99 Bar,restaurants,192,1.0,1,0,-23.595770102430063,-46.680116396789536,3
538,Maremonti,restaurants,173,3.5,2,0,-23.595770102430063,-46.680116396789536,3
538,Padaria Villa Imperial,bakeries,224,5.0,1,0,-23.595770102430063,-46.680116396789536,3
595,Restaurante Boa Saúde Aspargus,restaurants,130,4.6,5,1,-23.56979,-46.6465,2
595,Burguer Lab,restaurants,76,3.3,4,1,-23.56979,-46.6465,2
595,Paulinhos Grill,restaurants,194,5.0,1,1,-23.56979,-46.6465,2
595,Carmel Gourmet,restaurants,125,5.0,1,0,-23.56979,-46.6465,2
595,Caffè Ristoro Casa das Rosas,restaurants,197,5.0,1,1,-23.56979,-46.6465,2
595,Garoa Paulista,restaurants,87,2.5,2,0,-23.56979,-46.6465,2
595,Junji Sakamoto,restaurants,211,3.0,2,0,-23.56979,-46.6465,2
595,Ragazzo Express,restaurants,113,2.0,1,0,-23.56979,-46.6465,2
595,Venezinha,restaurants,241,3.0,1,0,-23.56979,-46.6465,2
595,PanAroma Café,coffee,90,5.0,1,3,-23.56979,-46.6465,2
167,Por Um Punhado de Dólares,restaurants,178,4.6,40,1,-23.5485777016467,-46.6471562050592,1
167,Restaurante Planeta's,restaurants,204,4.3,12,1,-23.5485777016467,-46.6471562050592,1
167,Madrepérola Bar Restaurante,restaurants,249,4.2,11,2,-23.5485777016467,-46.6471562050592,1
167,Café Antiquário Roosevelt,restaurants,63,3.5,2,0,-23.5485777016467,-46.6471562050592,1
167,Green Pizzas,restaurants,55,4.0,1,1,-23.5485777016467,-46.6471562050592,1
167,Tabuleiro do Acarajé,restaurants,229,3.7,7,1,-23.5485777016467,-46.6471562050592,1
167,Cantina Luna Di Capri,restaurants,224,3.7,3,2,-23.5485777016467,-46.6471562050592,1
167,Andreus Galeria,restaurants,186,5.0,1,0,-23.5485777016467,-46.6471562050592,1
167,Cantina do Giovanni Bruno,restaurants,168,5.0,1,0,-23.5485777016467,-46.6471562050592,1
167,Restaurante Lollita,restaurants,245,4.0,1,2,-23.5485777016467,-46.6471562050592,1
167,Por Um Punhado de Dólares,coffee,178,4.6,40,1,-23.5485777016467,-46.6471562050592,1
167,Café Galícia,coffee,228,3.5,4,2,-23.5485777016467,-46.6471562050592,1
167,Nova Guiné Paes e Doces,bakeries,219,3.0,1,0,-23.5485777016467,-46.6471562050592,1
138,Torta no Quintal,restaurants,162,4.8,16,1,-23.5936014851943,-46.6800723302731,13
138,Enoteca Saint Vin Saint,restaurants,141,5.0,6,3,-23.5936014851943,-46.6800723302731,13
138,Dublin Live Music,restaurants,195,4.0,9,2,-23.5936014851943,-46.6800723302731,13
138,Kiichi - Itaim,restaurants,161,4.0,6,3,-23.5936014851943,-46.6800723302731,13
138,Manjericão,restaurants,178,4.3,3,0,-23.5936014851943,-46.6800723302731,13
138,Barakah Cozinha Árabe,restaurants,154,4.3,3,1,-23.5936014851943,-46.6800723302731,13
138,Pasta d'autori,restaurants,92,4.0,1,0,-23.5936014851943,-46.6800723302731,13
138,Bar do Arnesto,restaurants,156,4.0,3,2,-23.5936014851943,-46.6800723302731,13
138,La Piadina,restaurants,228,4.0,1,3,-23.5936014851943,-46.6800723302731,13
610,O Gato Que Ri,restaurants,100,4.0,20,2,-23.5405397962493,-46.6450250865799,9
610,PASV,restaurants,160,4.5,11,1,-23.5405397962493,-46.6450250865799,9
610,Biyou'Z,restaurants,194,3.7,18,2,-23.5405397962493,-46.6450250865799,9
610,La Casserole,restaurants,121,4.8,8,2,-23.5405397962493,-46.6450250865799,9
610,Tasca do Arouche,restaurants,60,3.7,3,2,-23.5405397962493,-46.6450250865799,9
610,Rinconcito Peruano,restaurants,226,4.6,5,2,-23.5405397962493,-46.6450250865799,9
610,Sai de Baixo,restaurants,95,4.0,1,1,-23.5405397962493,-46.6450250865799,9
610,Le Petit Village,restaurants,122,4.0,1,0,-23.5405397962493,-46.6450250865799,9
610,Empadaria da Vovó,restaurants,156,4.0,3,1,-23.5405397962493,-46.6450250865799,9
610,Vovô Ali,restaurants,75,2.5,2,1,-23.5405397962493,-46.6450250865799,9
610,Café Smell's,coffee,52,5.0,1,1,-23.5405397962493,-46.6450250865799,9
610,Spazio Gastronomia,coffee,167,3.5,2,0,-23.5405397962493,-46.6450250865799,9
610,Padaria Gêmel,bakeries,141,3.7,6,2,-23.5405397962493,-46.6450250865799,9
610,Empadaria da Vovó,bakeries,156,4.0,3,1,-23.5405397962493,-46.6450250865799,9
610,Confeitaria Dulca,bakeries,167,4.0,1,1,-23.5405397962493,-46.6450250865799,9
145,Sansão bar e Restaurante,restaurants,138,4.0,3,1,-23.6049719308606,-46.6962601886354,2
145,Rosa Gourmet,restaurants,90,4.0,2,1,-23.6049719308606,-46.6962601886354,2
145,Villa Felice,restaurants,205,4.0,2,1,-23.6049719308606,-46.6962601886354,2
145,Farrapos,restaurants,129,3.5,2,3,-23.6049719308606,-46.6962601886354,2
145,Mosteiro Devakan,restaurants,198,4.0,1,0,-23.6049719308606,-46.6962601886354,2
145,Koba Sushi,restaurants,103,3.3,3,2,-23.6049719308606,-46.6962601886354,2
145,Manai Gastronomia,restaurants,161,3.0,1,0,-23.6049719308606,-46.6962601886354,2
25,Restaurante Ambrosia,restaurants,71,4.0,3,2,-23.592760580122647,-46.6844881607132,13
25,Restaurante Shisá,restaurants,58,4.5,2,0,-23.592760580122647,-46.6844881607132,13
25,Tantra,restaurants,246,3.5,15,3,-23.592760580122647,-46.6844881607132,13
25,Le Cucine di Eataly,restaurants,196,3.8,5,2,-23.592760580122647,-46.6844881607132,13
25,Parrilla São José,restaurants,169,4.6,5,3,-23.592760580122647,-46.6844881607132,13
25,Alpendre Burguer & Beer Pub,restaurants,188,4.0,4,3,-23.592760580122647,-46.6844881607132,13
25,Empório Ravioli,restaurants,171,4.3,3,4,-23.592760580122647,-46.6844881607132,13
25,Caffè Vergnano,coffee,196,4.0,2,0,-23.592760580122647,-46.6844881607132,13
25,Villa dos Pães,bakeries,93,4.0,2,2,-23.592760580122647,-46.6844881607132,13
25,Padoca.,bakeries,231,3.0,2,0,-23.592760580122647,-46.6844881607132,13
158,Windhuk,restaurants,39,4.3,12,2,-23.60889662,-46.66871281,8
158,Gimba Hamburguer,restaurants,44,4.3,3,3,-23.60889662,-46.66871281,8
158,Bellosguardo,restaurants,63,4.7,3,0,-23.60889662,-46.66871281,8
158,Burdega,restaurants,50,4.0,1,0,-23.60889662,-46.66871281,8
158,Véu de Seda Cozinha Árabe,restaurants,82,4.0,4,3,-23.60889662,-46.66871281,8
158,Pizza Hut,restaurants,174,4.6,5,0,-23.60889662,-46.66871281,8
158,Gajos Bar e Restaurante,restaurants,92,3.5,6,3,-23.60889662,-46.66871281,8
158,Maria Philó,restaurants,130,5.0,2,2,-23.60889662,-46.66871281,8
158,Starbucks,coffee,178,3.5,2,2,-23.60889662,-46.66871281,8
158,Ofner,bakeries,141,5.0,1,2,-23.60889662,-46.66871281,8
293,Jazz Restô & Burgers,restaurants,156,3.8,17,2,-23.5808426571183,-46.6377561803736,2
293,Sorveteria e Lanchonete Ypê,restaurants,89,4.2,10,2,-23.5808426571183,-46.6377561803736,2
293,Domênica Café,restaurants,31,4.0,1,0,-23.5808426571183,-46.6377561803736,2
293,Lanchonete Estrela da Ana Rosa,restaurants,51,4.0,1,0,-23.5808426571183,-46.6377561803736,2
293,Barbirô Bar e Restaurante,restaurants,197,2.7,6,2,-23.5808426571183,-46.6377561803736,2
293,Melonpan,bakeries,19,3.0,1,0,-23.5808426571183,-46.6377561803736,2
458,Bar do Biu,restaurants,218,4.5,15,2,-23.5578862207592,-46.6818450911924,0
458,Mister Shawarma,restaurants,232,4.3,10,1,-23.5578862207592,-46.6818450911924,0
458,Consulado Mineiro,restaurants,182,4.2,27,2,-23.5578862207592,-46.6818450911924,0
458,Bem Dito Grill's,restaurants,41,4.0,1,1,-23.5578862207592,-46.6818450911924,0
458,Como Assim?!...,restaurants,109,3.6,10,1,-23.5578862207592,-46.6818450911924,0
458,São Benedito Cozinha Caseira,restaurants,167,4.3,3,2,-23.5578862207592,-46.6818450911924,0
458,Sabores de Mi Tierra,restaurants,174,4.3,3,1,-23.5578862207592,-46.6818450911924,0
458,Bello Bello Restaurante,restaurants,227,4.0,1,2,-23.5578862207592,-46.6818450911924,0
458,Bar do Jeová,restaurants,238,4.0,2,0,-23.5578862207592,-46.6818450911924,0
458,Pizzaria Paulino,restaurants,198,2.0,1,0,-23.5578862207592,-46.6818450911924,0
141,Rubaiyat,restaurants,59,4.0,12,4,-23.5827091295632,-46.6838868603995,20
141,Fresto,restaurants,77,3.9,15,2,-23.5827091295632,-46.6838868603995,20
141,Rei do Picadinho,restaurants,49,4.8,4,1,-23.5827091295632,-46.6838868603995,20
141,Octavio Café,restaurants,54,3.6,12,2,-23.5827091295632,-46.6838868603995,20
141,Rufino's,restaurants,215,4.4,14,4,-23.5827091295632,-46.6838868603995,20
141,Pizza 510,restaurants,68,4.3,3,1,-23.5827091295632,-46.6838868603995,20
141,Benihana,restaurants,106,3.5,11,3,-23.5827091295632,-46.6838868603995,20
141,Marakuthai,restaurants,251,4.3,3,0,-23.5827091295632,-46.6838868603995,20
21,ICI Brasserie,restaurants,259,4.0,22,3,-23.5890444167307,-46.6882179128703,18
21,Tempero Suave Restaurante,restaurants,165,4.0,1,2,-23.5890444167307,-46.6882179128703,18
21,Jardim De Napoli JK iguatemi,restaurants,233,5.0,1,3,-23.5890444167307,-46.6882179128703,18
21,Le Manjue Café,restaurants,265,5.0,1,0,-23.5890444167307,-46.6882179128703,18
21,Forneria San Paolo,restaurants,225,1.0,1,0,-23.5890444167307,-46.6882179128703,18
